[      96ms] [INFO] %cDownload the React DevTools for a better development experience: https://reactjs.org/link/react-devtools font-weight:bold @ http://localhost:5173/node_modules/.vite/deps/chunk-OY5C42Z6.js?v=033e25ad:21608
[     114ms] [WARNING] ⚠️ React Router Future Flag Warning: React Router will begin wrapping state updates in `React.startTransition` in v7. You can use the `v7_startTransition` future flag to opt-in early. For more information, see https://reactrouter.com/v6/upgrading/future#v7_starttransition. @ http://localhost:5173/node_modules/.vite/deps/react-router-dom.js?v=aa84c930:4426
[     115ms] [WARNING] ⚠️ React Router Future Flag Warning: Relative route resolution within Splat routes is changing in v7. You can use the `v7_relativeSplatPath` future flag to opt-in early. For more information, see https://reactrouter.com/v6/upgrading/future#v7_relativesplatpath. @ http://localhost:5173/node_modules/.vite/deps/react-router-dom.js?v=aa84c930:4426
[     319ms] [WARNING] performance warning: READ-usage buffer was written, then fenced, but written again before being read back. This discarded the shadow copy that was created to accelerate readback. @ http://localhost:5173/node_modules/.vite/deps/maplibre-gl.js?v=857ff43b:17225
[     485ms] [WARNING] performance warning: READ-usage buffer was written, then fenced, but written again before being read back. This discarded the shadow copy that was created to accelerate readback. @ http://localhost:5173/node_modules/.vite/deps/maplibre-gl.js?v=857ff43b:17225
[     652ms] [WARNING] performance warning: READ-usage buffer was written, then fenced, but written again before being read back. This discarded the shadow copy that was created to accelerate readback. @ http://localhost:5173/node_modules/.vite/deps/maplibre-gl.js?v=857ff43b:17225
[     820ms] [WARNING] performance warning: READ-usage buffer was written, then fenced, but written again before being read back. This discarded the shadow copy that was created to accelerate readback. @ http://localhost:5173/node_modules/.vite/deps/maplibre-gl.js?v=857ff43b:17225
[     986ms] [WARNING] performance warning: READ-usage buffer was written, then fenced, but written again before being read back. This discarded the shadow copy that was created to accelerate readback. @ http://localhost:5173/node_modules/.vite/deps/maplibre-gl.js?v=857ff43b:17225
[    1154ms] [WARNING] performance warning: READ-usage buffer was written, then fenced, but written again before being read back. This discarded the shadow copy that was created to accelerate readback. @ http://localhost:5173/node_modules/.vite/deps/maplibre-gl.js?v=857ff43b:17225
[    1320ms] [WARNING] performance warning: READ-usage buffer was written, then fenced, but written again before being read back. This discarded the shadow copy that was created to accelerate readback. @ http://localhost:5173/node_modules/.vite/deps/maplibre-gl.js?v=857ff43b:17225
[    1488ms] [WARNING] performance warning: READ-usage buffer was written, then fenced, but written again before being read back. This discarded the shadow copy that was created to accelerate readback. @ http://localhost:5173/node_modules/.vite/deps/maplibre-gl.js?v=857ff43b:17225
[    1653ms] [WARNING] performance warning: READ-usage buffer was written, then fenced, but written again before being read back. This discarded the shadow copy that was created to accelerate readback. @ http://localhost:5173/node_modules/.vite/deps/maplibre-gl.js?v=857ff43b:17225
[    1819ms] [WARNING] performance warning: READ-usage buffer was written, then fenced, but written again before being read back. This discarded the shadow copy that was created to accelerate readback. @ http://localhost:5173/node_modules/.vite/deps/maplibre-gl.js?v=857ff43b:17225
[    1986ms] [WARNING] performance warning: READ-usage buffer was written, then fenced, but written again before being read back. This discarded the shadow copy that was created to accelerate readback. @ http://localhost:5173/node_modules/.vite/deps/maplibre-gl.js?v=857ff43b:17225
[    2155ms] [WARNING] performance warning: READ-usage buffer was written, then fenced, but written again before being read back. This discarded the shadow copy that was created to accelerate readback. @ http://localhost:5173/node_modules/.vite/deps/maplibre-gl.js?v=857ff43b:17225
[    2321ms] [WARNING] performance warning: READ-usage buffer was written, then fenced, but written again before being read back. This discarded the shadow copy that was created to accelerate readback. @ http://localhost:5173/node_modules/.vite/deps/maplibre-gl.js?v=857ff43b:17225
[    2487ms] [WARNING] performance warning: READ-usage buffer was written, then fenced, but written again before being read back. This discarded the shadow copy that was created to accelerate readback. @ http://localhost:5173/node_modules/.vite/deps/maplibre-gl.js?v=857ff43b:17225
[    2653ms] [WARNING] performance warning: READ-usage buffer was written, then fenced, but written again before being read back. This discarded the shadow copy that was created to accelerate readback. @ http://localhost:5173/node_modules/.vite/deps/maplibre-gl.js?v=857ff43b:17225
[    2821ms] [WARNING] performance warning: READ-usage buffer was written, then fenced, but written again before being read back. This discarded the shadow copy that was created to accelerate readback. @ http://localhost:5173/node_modules/.vite/deps/maplibre-gl.js?v=857ff43b:17225
[    2986ms] [WARNING] performance warning: READ-usage buffer was written, then fenced, but written again before being read back. This discarded the shadow copy that was created to accelerate readback. @ http://localhost:5173/node_modules/.vite/deps/maplibre-gl.js?v=857ff43b:17225
[    3153ms] [WARNING] performance warning: READ-usage buffer was written, then fenced, but written again before being read back. This discarded the shadow copy that was created to accelerate readback. @ http://localhost:5173/node_modules/.vite/deps/maplibre-gl.js?v=857ff43b:17225
[    3320ms] [WARNING] performance warning: READ-usage buffer was written, then fenced, but written again before being read back. This discarded the shadow copy that was created to accelerate readback. @ http://localhost:5173/node_modules/.vite/deps/maplibre-gl.js?v=857ff43b:17225
[    3487ms] [WARNING] performance warning: READ-usage buffer was written, then fenced, but written again before being read back. This discarded the shadow copy that was created to accelerate readback. @ http://localhost:5173/node_modules/.vite/deps/maplibre-gl.js?v=857ff43b:17225
[    3653ms] [WARNING] performance warning: READ-usage buffer was written, then fenced, but written again before being read back. This discarded the shadow copy that was created to accelerate readback. @ http://localhost:5173/node_modules/.vite/deps/maplibre-gl.js?v=857ff43b:17225
[    3820ms] [WARNING] performance warning: READ-usage buffer was written, then fenced, but written again before being read back. This discarded the shadow copy that was created to accelerate readback. @ http://localhost:5173/node_modules/.vite/deps/maplibre-gl.js?v=857ff43b:17225
[    3988ms] [WARNING] performance warning: READ-usage buffer was written, then fenced, but written again before being read back. This discarded the shadow copy that was created to accelerate readback. @ http://localhost:5173/node_modules/.vite/deps/maplibre-gl.js?v=857ff43b:17225
[    4153ms] [WARNING] performance warning: READ-usage buffer was written, then fenced, but written again before being read back. This discarded the shadow copy that was created to accelerate readback. @ http://localhost:5173/node_modules/.vite/deps/maplibre-gl.js?v=857ff43b:17225
[    4320ms] [WARNING] performance warning: READ-usage buffer was written, then fenced, but written again before being read back. This discarded the shadow copy that was created to accelerate readback. @ http://localhost:5173/node_modules/.vite/deps/maplibre-gl.js?v=857ff43b:17225
[    4487ms] [WARNING] performance warning: READ-usage buffer was written, then fenced, but written again before being read back. This discarded the shadow copy that was created to accelerate readback. @ http://localhost:5173/node_modules/.vite/deps/maplibre-gl.js?v=857ff43b:17225
[    4654ms] [WARNING] performance warning: READ-usage buffer was written, then fenced, but written again before being read back. This discarded the shadow copy that was created to accelerate readback. @ http://localhost:5173/node_modules/.vite/deps/maplibre-gl.js?v=857ff43b:17225
[    4821ms] [WARNING] performance warning: READ-usage buffer was written, then fenced, but written again before being read back. This discarded the shadow copy that was created to accelerate readback. @ http://localhost:5173/node_modules/.vite/deps/maplibre-gl.js?v=857ff43b:17225
[    4987ms] [WARNING] performance warning: READ-usage buffer was written, then fenced, but written again before being read back. This discarded the shadow copy that was created to accelerate readback. @ http://localhost:5173/node_modules/.vite/deps/maplibre-gl.js?v=857ff43b:17225
[    5156ms] [WARNING] performance warning: READ-usage buffer was written, then fenced, but written again before being read back. This discarded the shadow copy that was created to accelerate readback. @ http://localhost:5173/node_modules/.vite/deps/maplibre-gl.js?v=857ff43b:17225
[    5321ms] [WARNING] performance warning: READ-usage buffer was written, then fenced, but written again before being read back. This discarded the shadow copy that was created to accelerate readback. @ http://localhost:5173/node_modules/.vite/deps/maplibre-gl.js?v=857ff43b:17225
[    5488ms] [WARNING] performance warning: READ-usage buffer was written, then fenced, but written again before being read back. This discarded the shadow copy that was created to accelerate readback. @ http://localhost:5173/node_modules/.vite/deps/maplibre-gl.js?v=857ff43b:17225
[    5656ms] [WARNING] performance warning: READ-usage buffer was written, then fenced, but written again before being read back. This discarded the shadow copy that was created to accelerate readback. @ http://localhost:5173/node_modules/.vite/deps/maplibre-gl.js?v=857ff43b:17225
[    5822ms] [WARNING] performance warning: READ-usage buffer was written, then fenced, but written again before being read back. This discarded the shadow copy that was created to accelerate readback. @ http://localhost:5173/node_modules/.vite/deps/maplibre-gl.js?v=857ff43b:17225
[    5988ms] [WARNING] performance warning: READ-usage buffer was written, then fenced, but written again before being read back. This discarded the shadow copy that was created to accelerate readback. @ http://localhost:5173/node_modules/.vite/deps/maplibre-gl.js?v=857ff43b:17225
[    6155ms] [WARNING] performance warning: READ-usage buffer was written, then fenced, but written again before being read back. This discarded the shadow copy that was created to accelerate readback. @ http://localhost:5173/node_modules/.vite/deps/maplibre-gl.js?v=857ff43b:17225
[    6321ms] [WARNING] performance warning: READ-usage buffer was written, then fenced, but written again before being read back. This discarded the shadow copy that was created to accelerate readback. @ http://localhost:5173/node_modules/.vite/deps/maplibre-gl.js?v=857ff43b:17225
[    6491ms] [WARNING] performance warning: READ-usage buffer was written, then fenced, but written again before being read back. This discarded the shadow copy that was created to accelerate readback. @ http://localhost:5173/node_modules/.vite/deps/maplibre-gl.js?v=857ff43b:17225
[    6655ms] [WARNING] performance warning: READ-usage buffer was written, then fenced, but written again before being read back. This discarded the shadow copy that was created to accelerate readback. @ http://localhost:5173/node_modules/.vite/deps/maplibre-gl.js?v=857ff43b:17225
[    6822ms] [WARNING] performance warning: READ-usage buffer was written, then fenced, but written again before being read back. This discarded the shadow copy that was created to accelerate readback. @ http://localhost:5173/node_modules/.vite/deps/maplibre-gl.js?v=857ff43b:17225
[    6988ms] [WARNING] performance warning: READ-usage buffer was written, then fenced, but written again before being read back. This discarded the shadow copy that was created to accelerate readback. @ http://localhost:5173/node_modules/.vite/deps/maplibre-gl.js?v=857ff43b:17225
[    7157ms] [WARNING] performance warning: READ-usage buffer was written, then fenced, but written again before being read back. This discarded the shadow copy that was created to accelerate readback. @ http://localhost:5173/node_modules/.vite/deps/maplibre-gl.js?v=857ff43b:17225
[    7326ms] [WARNING] performance warning: READ-usage buffer was written, then fenced, but written again before being read back. This discarded the shadow copy that was created to accelerate readback. @ http://localhost:5173/node_modules/.vite/deps/maplibre-gl.js?v=857ff43b:17225
[    7492ms] [WARNING] performance warning: READ-usage buffer was written, then fenced, but written again before being read back. This discarded the shadow copy that was created to accelerate readback. @ http://localhost:5173/node_modules/.vite/deps/maplibre-gl.js?v=857ff43b:17225
[    7656ms] [WARNING] performance warning: READ-usage buffer was written, then fenced, but written again before being read back. This discarded the shadow copy that was created to accelerate readback. @ http://localhost:5173/node_modules/.vite/deps/maplibre-gl.js?v=857ff43b:17225
[    7824ms] [WARNING] performance warning: READ-usage buffer was written, then fenced, but written again before being read back. This discarded the shadow copy that was created to accelerate readback. @ http://localhost:5173/node_modules/.vite/deps/maplibre-gl.js?v=857ff43b:17225
[    7990ms] [WARNING] performance warning: READ-usage buffer was written, then fenced, but written again before being read back. This discarded the shadow copy that was created to accelerate readback. @ http://localhost:5173/node_modules/.vite/deps/maplibre-gl.js?v=857ff43b:17225
[    8157ms] [WARNING] performance warning: READ-usage buffer was written, then fenced, but written again before being read back. This discarded the shadow copy that was created to accelerate readback. @ http://localhost:5173/node_modules/.vite/deps/maplibre-gl.js?v=857ff43b:17225
[    8325ms] [WARNING] performance warning: READ-usage buffer was written, then fenced, but written again before being read back. This discarded the shadow copy that was created to accelerate readback. @ http://localhost:5173/node_modules/.vite/deps/maplibre-gl.js?v=857ff43b:17225
[    8492ms] [WARNING] performance warning: READ-usage buffer was written, then fenced, but written again before being read back. This discarded the shadow copy that was created to accelerate readback. @ http://localhost:5173/node_modules/.vite/deps/maplibre-gl.js?v=857ff43b:17225
[    8657ms] [WARNING] performance warning: READ-usage buffer was written, then fenced, but written again before being read back. This discarded the shadow copy that was created to accelerate readback. @ http://localhost:5173/node_modules/.vite/deps/maplibre-gl.js?v=857ff43b:17225
[    8827ms] [WARNING] performance warning: READ-usage buffer was written, then fenced, but written again before being read back. This discarded the shadow copy that was created to accelerate readback. @ http://localhost:5173/node_modules/.vite/deps/maplibre-gl.js?v=857ff43b:17225
[    8990ms] [WARNING] performance warning: READ-usage buffer was written, then fenced, but written again before being read back. This discarded the shadow copy that was created to accelerate readback. @ http://localhost:5173/node_modules/.vite/deps/maplibre-gl.js?v=857ff43b:17225
[    9158ms] [WARNING] performance warning: READ-usage buffer was written, then fenced, but written again before being read back. This discarded the shadow copy that was created to accelerate readback. @ http://localhost:5173/node_modules/.vite/deps/maplibre-gl.js?v=857ff43b:17225
[    9324ms] [WARNING] performance warning: READ-usage buffer was written, then fenced, but written again before being read back. This discarded the shadow copy that was created to accelerate readback. @ http://localhost:5173/node_modules/.vite/deps/maplibre-gl.js?v=857ff43b:17225
[    9490ms] [WARNING] performance warning: READ-usage buffer was written, then fenced, but written again before being read back. This discarded the shadow copy that was created to accelerate readback. @ http://localhost:5173/node_modules/.vite/deps/maplibre-gl.js?v=857ff43b:17225
[    9658ms] [WARNING] performance warning: READ-usage buffer was written, then fenced, but written again before being read back. This discarded the shadow copy that was created to accelerate readback. @ http://localhost:5173/node_modules/.vite/deps/maplibre-gl.js?v=857ff43b:17225
[    9826ms] [WARNING] performance warning: READ-usage buffer was written, then fenced, but written again before being read back. This discarded the shadow copy that was created to accelerate readback. @ http://localhost:5173/node_modules/.vite/deps/maplibre-gl.js?v=857ff43b:17225
[    9992ms] [WARNING] performance warning: READ-usage buffer was written, then fenced, but written again before being read back. This discarded the shadow copy that was created to accelerate readback. @ http://localhost:5173/node_modules/.vite/deps/maplibre-gl.js?v=857ff43b:17225
[   10160ms] [WARNING] performance warning: READ-usage buffer was written, then fenced, but written again before being read back. This discarded the shadow copy that was created to accelerate readback. @ http://localhost:5173/node_modules/.vite/deps/maplibre-gl.js?v=857ff43b:17225
[   10324ms] [WARNING] performance warning: READ-usage buffer was written, then fenced, but written again before being read back. This discarded the shadow copy that was created to accelerate readback. @ http://localhost:5173/node_modules/.vite/deps/maplibre-gl.js?v=857ff43b:17225
[   10491ms] [WARNING] performance warning: READ-usage buffer was written, then fenced, but written again before being read back. This discarded the shadow copy that was created to accelerate readback. @ http://localhost:5173/node_modules/.vite/deps/maplibre-gl.js?v=857ff43b:17225
[   10658ms] [WARNING] performance warning: READ-usage buffer was written, then fenced, but written again before being read back. This discarded the shadow copy that was created to accelerate readback. @ http://localhost:5173/node_modules/.vite/deps/maplibre-gl.js?v=857ff43b:17225
[   10824ms] [WARNING] performance warning: READ-usage buffer was written, then fenced, but written again before being read back. This discarded the shadow copy that was created to accelerate readback. @ http://localhost:5173/node_modules/.vite/deps/maplibre-gl.js?v=857ff43b:17225
[   10993ms] [WARNING] performance warning: READ-usage buffer was written, then fenced, but written again before being read back. This discarded the shadow copy that was created to accelerate readback. @ http://localhost:5173/node_modules/.vite/deps/maplibre-gl.js?v=857ff43b:17225
[   11159ms] [WARNING] performance warning: READ-usage buffer was written, then fenced, but written again before being read back. This discarded the shadow copy that was created to accelerate readback. @ http://localhost:5173/node_modules/.vite/deps/maplibre-gl.js?v=857ff43b:17225
[   11327ms] [WARNING] performance warning: READ-usage buffer was written, then fenced, but written again before being read back. This discarded the shadow copy that was created to accelerate readback. @ http://localhost:5173/node_modules/.vite/deps/maplibre-gl.js?v=857ff43b:17225
[   11492ms] [WARNING] performance warning: READ-usage buffer was written, then fenced, but written again before being read back. This discarded the shadow copy that was created to accelerate readback. @ http://localhost:5173/node_modules/.vite/deps/maplibre-gl.js?v=857ff43b:17225
[   11659ms] [WARNING] performance warning: READ-usage buffer was written, then fenced, but written again before being read back. This discarded the shadow copy that was created to accelerate readback. @ http://localhost:5173/node_modules/.vite/deps/maplibre-gl.js?v=857ff43b:17225
[   11828ms] [WARNING] performance warning: READ-usage buffer was written, then fenced, but written again before being read back. This discarded the shadow copy that was created to accelerate readback. @ http://localhost:5173/node_modules/.vite/deps/maplibre-gl.js?v=857ff43b:17225
[   11992ms] [WARNING] performance warning: READ-usage buffer was written, then fenced, but written again before being read back. This discarded the shadow copy that was created to accelerate readback. @ http://localhost:5173/node_modules/.vite/deps/maplibre-gl.js?v=857ff43b:17225
[   12158ms] [WARNING] performance warning: READ-usage buffer was written, then fenced, but written again before being read back. This discarded the shadow copy that was created to accelerate readback. @ http://localhost:5173/node_modules/.vite/deps/maplibre-gl.js?v=857ff43b:17225
[   12326ms] [WARNING] performance warning: READ-usage buffer was written, then fenced, but written again before being read back. This discarded the shadow copy that was created to accelerate readback. @ http://localhost:5173/node_modules/.vite/deps/maplibre-gl.js?v=857ff43b:17225
[   12493ms] [WARNING] performance warning: READ-usage buffer was written, then fenced, but written again before being read back. This discarded the shadow copy that was created to accelerate readback. @ http://localhost:5173/node_modules/.vite/deps/maplibre-gl.js?v=857ff43b:17225
[   12660ms] [WARNING] performance warning: READ-usage buffer was written, then fenced, but written again before being read back. This discarded the shadow copy that was created to accelerate readback. @ http://localhost:5173/node_modules/.vite/deps/maplibre-gl.js?v=857ff43b:17225
[   12827ms] [WARNING] performance warning: READ-usage buffer was written, then fenced, but written again before being read back. This discarded the shadow copy that was created to accelerate readback. @ http://localhost:5173/node_modules/.vite/deps/maplibre-gl.js?v=857ff43b:17225
[   12992ms] [WARNING] performance warning: READ-usage buffer was written, then fenced, but written again before being read back. This discarded the shadow copy that was created to accelerate readback. @ http://localhost:5173/node_modules/.vite/deps/maplibre-gl.js?v=857ff43b:17225
[   13159ms] [WARNING] performance warning: READ-usage buffer was written, then fenced, but written again before being read back. This discarded the shadow copy that was created to accelerate readback. @ http://localhost:5173/node_modules/.vite/deps/maplibre-gl.js?v=857ff43b:17225
[   13325ms] [WARNING] performance warning: READ-usage buffer was written, then fenced, but written again before being read back. This discarded the shadow copy that was created to accelerate readback. @ http://localhost:5173/node_modules/.vite/deps/maplibre-gl.js?v=857ff43b:17225
[   13493ms] [WARNING] performance warning: READ-usage buffer was written, then fenced, but written again before being read back. This discarded the shadow copy that was created to accelerate readback. @ http://localhost:5173/node_modules/.vite/deps/maplibre-gl.js?v=857ff43b:17225
[   13659ms] [WARNING] performance warning: READ-usage buffer was written, then fenced, but written again before being read back. This discarded the shadow copy that was created to accelerate readback. @ http://localhost:5173/node_modules/.vite/deps/maplibre-gl.js?v=857ff43b:17225
[   13827ms] [WARNING] performance warning: READ-usage buffer was written, then fenced, but written again before being read back. This discarded the shadow copy that was created to accelerate readback. @ http://localhost:5173/node_modules/.vite/deps/maplibre-gl.js?v=857ff43b:17225
[   13993ms] [WARNING] performance warning: READ-usage buffer was written, then fenced, but written again before being read back. This discarded the shadow copy that was created to accelerate readback. @ http://localhost:5173/node_modules/.vite/deps/maplibre-gl.js?v=857ff43b:17225
[   14162ms] [WARNING] performance warning: READ-usage buffer was written, then fenced, but written again before being read back. This discarded the shadow copy that was created to accelerate readback. @ http://localhost:5173/node_modules/.vite/deps/maplibre-gl.js?v=857ff43b:17225
[   14328ms] [WARNING] performance warning: READ-usage buffer was written, then fenced, but written again before being read back. This discarded the shadow copy that was created to accelerate readback. @ http://localhost:5173/node_modules/.vite/deps/maplibre-gl.js?v=857ff43b:17225
[   14493ms] [WARNING] performance warning: READ-usage buffer was written, then fenced, but written again before being read back. This discarded the shadow copy that was created to accelerate readback. @ http://localhost:5173/node_modules/.vite/deps/maplibre-gl.js?v=857ff43b:17225
[   14660ms] [WARNING] performance warning: READ-usage buffer was written, then fenced, but written again before being read back. This discarded the shadow copy that was created to accelerate readback. @ http://localhost:5173/node_modules/.vite/deps/maplibre-gl.js?v=857ff43b:17225
[   14827ms] [WARNING] performance warning: READ-usage buffer was written, then fenced, but written again before being read back. This discarded the shadow copy that was created to accelerate readback. @ http://localhost:5173/node_modules/.vite/deps/maplibre-gl.js?v=857ff43b:17225
[   14995ms] [WARNING] performance warning: READ-usage buffer was written, then fenced, but written again before being read back. This discarded the shadow copy that was created to accelerate readback. @ http://localhost:5173/node_modules/.vite/deps/maplibre-gl.js?v=857ff43b:17225
[   15162ms] [WARNING] performance warning: READ-usage buffer was written, then fenced, but written again before being read back. This discarded the shadow copy that was created to accelerate readback. @ http://localhost:5173/node_modules/.vite/deps/maplibre-gl.js?v=857ff43b:17225
[   15327ms] [WARNING] performance warning: READ-usage buffer was written, then fenced, but written again before being read back. This discarded the shadow copy that was created to accelerate readback. @ http://localhost:5173/node_modules/.vite/deps/maplibre-gl.js?v=857ff43b:17225
[   15494ms] [WARNING] performance warning: READ-usage buffer was written, then fenced, but written again before being read back. This discarded the shadow copy that was created to accelerate readback. @ http://localhost:5173/node_modules/.vite/deps/maplibre-gl.js?v=857ff43b:17225
[   15660ms] [WARNING] performance warning: READ-usage buffer was written, then fenced, but written again before being read back. This discarded the shadow copy that was created to accelerate readback. @ http://localhost:5173/node_modules/.vite/deps/maplibre-gl.js?v=857ff43b:17225
[   15827ms] [WARNING] performance warning: READ-usage buffer was written, then fenced, but written again before being read back. This discarded the shadow copy that was created to accelerate readback. @ http://localhost:5173/node_modules/.vite/deps/maplibre-gl.js?v=857ff43b:17225
[   15993ms] [WARNING] performance warning: READ-usage buffer was written, then fenced, but written again before being read back. This discarded the shadow copy that was created to accelerate readback. @ http://localhost:5173/node_modules/.vite/deps/maplibre-gl.js?v=857ff43b:17225
[   16161ms] [WARNING] performance warning: READ-usage buffer was written, then fenced, but written again before being read back. This discarded the shadow copy that was created to accelerate readback. @ http://localhost:5173/node_modules/.vite/deps/maplibre-gl.js?v=857ff43b:17225
[   16327ms] [WARNING] performance warning: READ-usage buffer was written, then fenced, but written again before being read back. This discarded the shadow copy that was created to accelerate readback. @ http://localhost:5173/node_modules/.vite/deps/maplibre-gl.js?v=857ff43b:17225
[   16495ms] [WARNING] performance warning: READ-usage buffer was written, then fenced, but written again before being read back. This discarded the shadow copy that was created to accelerate readback. @ http://localhost:5173/node_modules/.vite/deps/maplibre-gl.js?v=857ff43b:17225
[   16661ms] [WARNING] performance warning: READ-usage buffer was written, then fenced, but written again before being read back. This discarded the shadow copy that was created to accelerate readback. @ http://localhost:5173/node_modules/.vite/deps/maplibre-gl.js?v=857ff43b:17225
[   16828ms] [WARNING] performance warning: READ-usage buffer was written, then fenced, but written again before being read back. This discarded the shadow copy that was created to accelerate readback. @ http://localhost:5173/node_modules/.vite/deps/maplibre-gl.js?v=857ff43b:17225
[   16994ms] [WARNING] performance warning: READ-usage buffer was written, then fenced, but written again before being read back. This discarded the shadow copy that was created to accelerate readback. @ http://localhost:5173/node_modules/.vite/deps/maplibre-gl.js?v=857ff43b:17225
[   17161ms] [WARNING] performance warning: READ-usage buffer was written, then fenced, but written again before being read back. This discarded the shadow copy that was created to accelerate readback. @ http://localhost:5173/node_modules/.vite/deps/maplibre-gl.js?v=857ff43b:17225
[   17328ms] [WARNING] performance warning: READ-usage buffer was written, then fenced, but written again before being read back. This discarded the shadow copy that was created to accelerate readback. @ http://localhost:5173/node_modules/.vite/deps/maplibre-gl.js?v=857ff43b:17225
[   17494ms] [WARNING] performance warning: READ-usage buffer was written, then fenced, but written again before being read back. This discarded the shadow copy that was created to accelerate readback. @ http://localhost:5173/node_modules/.vite/deps/maplibre-gl.js?v=857ff43b:17225
[   17661ms] [WARNING] performance warning: READ-usage buffer was written, then fenced, but written again before being read back. This discarded the shadow copy that was created to accelerate readback. @ http://localhost:5173/node_modules/.vite/deps/maplibre-gl.js?v=857ff43b:17225
[   17828ms] [WARNING] performance warning: READ-usage buffer was written, then fenced, but written again before being read back. This discarded the shadow copy that was created to accelerate readback. @ http://localhost:5173/node_modules/.vite/deps/maplibre-gl.js?v=857ff43b:17225
[   17994ms] [WARNING] performance warning: READ-usage buffer was written, then fenced, but written again before being read back. This discarded the shadow copy that was created to accelerate readback. @ http://localhost:5173/node_modules/.vite/deps/maplibre-gl.js?v=857ff43b:17225
[   18162ms] [WARNING] performance warning: READ-usage buffer was written, then fenced, but written again before being read back. This discarded the shadow copy that was created to accelerate readback. @ http://localhost:5173/node_modules/.vite/deps/maplibre-gl.js?v=857ff43b:17225
[   18328ms] [WARNING] performance warning: READ-usage buffer was written, then fenced, but written again before being read back. This discarded the shadow copy that was created to accelerate readback. @ http://localhost:5173/node_modules/.vite/deps/maplibre-gl.js?v=857ff43b:17225
[   18495ms] [WARNING] performance warning: READ-usage buffer was written, then fenced, but written again before being read back. This discarded the shadow copy that was created to accelerate readback. @ http://localhost:5173/node_modules/.vite/deps/maplibre-gl.js?v=857ff43b:17225
[   18661ms] [WARNING] performance warning: READ-usage buffer was written, then fenced, but written again before being read back. This discarded the shadow copy that was created to accelerate readback. @ http://localhost:5173/node_modules/.vite/deps/maplibre-gl.js?v=857ff43b:17225
[   18828ms] [WARNING] performance warning: READ-usage buffer was written, then fenced, but written again before being read back. This discarded the shadow copy that was created to accelerate readback. @ http://localhost:5173/node_modules/.vite/deps/maplibre-gl.js?v=857ff43b:17225
[   18995ms] [WARNING] performance warning: READ-usage buffer was written, then fenced, but written again before being read back. This discarded the shadow copy that was created to accelerate readback. @ http://localhost:5173/node_modules/.vite/deps/maplibre-gl.js?v=857ff43b:17225
[   19162ms] [WARNING] performance warning: READ-usage buffer was written, then fenced, but written again before being read back. This discarded the shadow copy that was created to accelerate readback. @ http://localhost:5173/node_modules/.vite/deps/maplibre-gl.js?v=857ff43b:17225
[   19329ms] [WARNING] performance warning: READ-usage buffer was written, then fenced, but written again before being read back. This discarded the shadow copy that was created to accelerate readback. @ http://localhost:5173/node_modules/.vite/deps/maplibre-gl.js?v=857ff43b:17225
[   19495ms] [WARNING] performance warning: READ-usage buffer was written, then fenced, but written again before being read back. This discarded the shadow copy that was created to accelerate readback. @ http://localhost:5173/node_modules/.vite/deps/maplibre-gl.js?v=857ff43b:17225
[   19662ms] [WARNING] performance warning: READ-usage buffer was written, then fenced, but written again before being read back. This discarded the shadow copy that was created to accelerate readback. @ http://localhost:5173/node_modules/.vite/deps/maplibre-gl.js?v=857ff43b:17225
[   19828ms] [WARNING] performance warning: READ-usage buffer was written, then fenced, but written again before being read back. This discarded the shadow copy that was created to accelerate readback. @ http://localhost:5173/node_modules/.vite/deps/maplibre-gl.js?v=857ff43b:17225
[   19995ms] [WARNING] performance warning: READ-usage buffer was written, then fenced, but written again before being read back. This discarded the shadow copy that was created to accelerate readback. @ http://localhost:5173/node_modules/.vite/deps/maplibre-gl.js?v=857ff43b:17225
[   20162ms] [WARNING] performance warning: READ-usage buffer was written, then fenced, but written again before being read back. This discarded the shadow copy that was created to accelerate readback. @ http://localhost:5173/node_modules/.vite/deps/maplibre-gl.js?v=857ff43b:17225
[   20329ms] [WARNING] performance warning: READ-usage buffer was written, then fenced, but written again before being read back. This discarded the shadow copy that was created to accelerate readback. @ http://localhost:5173/node_modules/.vite/deps/maplibre-gl.js?v=857ff43b:17225
[   20495ms] [WARNING] performance warning: READ-usage buffer was written, then fenced, but written again before being read back. This discarded the shadow copy that was created to accelerate readback. @ http://localhost:5173/node_modules/.vite/deps/maplibre-gl.js?v=857ff43b:17225
[   20662ms] [WARNING] performance warning: READ-usage buffer was written, then fenced, but written again before being read back. This discarded the shadow copy that was created to accelerate readback. @ http://localhost:5173/node_modules/.vite/deps/maplibre-gl.js?v=857ff43b:17225
[   20829ms] [WARNING] performance warning: READ-usage buffer was written, then fenced, but written again before being read back. This discarded the shadow copy that was created to accelerate readback. @ http://localhost:5173/node_modules/.vite/deps/maplibre-gl.js?v=857ff43b:17225
[   20996ms] [WARNING] performance warning: READ-usage buffer was written, then fenced, but written again before being read back. This discarded the shadow copy that was created to accelerate readback. @ http://localhost:5173/node_modules/.vite/deps/maplibre-gl.js?v=857ff43b:17225
[   21162ms] [WARNING] performance warning: READ-usage buffer was written, then fenced, but written again before being read back. This discarded the shadow copy that was created to accelerate readback. @ http://localhost:5173/node_modules/.vite/deps/maplibre-gl.js?v=857ff43b:17225
[   21329ms] [WARNING] performance warning: READ-usage buffer was written, then fenced, but written again before being read back. This discarded the shadow copy that was created to accelerate readback. @ http://localhost:5173/node_modules/.vite/deps/maplibre-gl.js?v=857ff43b:17225
[   21496ms] [WARNING] performance warning: READ-usage buffer was written, then fenced, but written again before being read back. This discarded the shadow copy that was created to accelerate readback. @ http://localhost:5173/node_modules/.vite/deps/maplibre-gl.js?v=857ff43b:17225
[   21663ms] [WARNING] performance warning: READ-usage buffer was written, then fenced, but written again before being read back. This discarded the shadow copy that was created to accelerate readback. @ http://localhost:5173/node_modules/.vite/deps/maplibre-gl.js?v=857ff43b:17225
[   21829ms] [WARNING] performance warning: READ-usage buffer was written, then fenced, but written again before being read back. This discarded the shadow copy that was created to accelerate readback. @ http://localhost:5173/node_modules/.vite/deps/maplibre-gl.js?v=857ff43b:17225
[   21996ms] [WARNING] performance warning: READ-usage buffer was written, then fenced, but written again before being read back. This discarded the shadow copy that was created to accelerate readback. @ http://localhost:5173/node_modules/.vite/deps/maplibre-gl.js?v=857ff43b:17225
[   22164ms] [WARNING] performance warning: READ-usage buffer was written, then fenced, but written again before being read back. This discarded the shadow copy that was created to accelerate readback. @ http://localhost:5173/node_modules/.vite/deps/maplibre-gl.js?v=857ff43b:17225
[   22329ms] [WARNING] performance warning: READ-usage buffer was written, then fenced, but written again before being read back. This discarded the shadow copy that was created to accelerate readback. @ http://localhost:5173/node_modules/.vite/deps/maplibre-gl.js?v=857ff43b:17225
[   22496ms] [WARNING] performance warning: READ-usage buffer was written, then fenced, but written again before being read back. This discarded the shadow copy that was created to accelerate readback. @ http://localhost:5173/node_modules/.vite/deps/maplibre-gl.js?v=857ff43b:17225
[   22663ms] [WARNING] performance warning: READ-usage buffer was written, then fenced, but written again before being read back. This discarded the shadow copy that was created to accelerate readback. @ http://localhost:5173/node_modules/.vite/deps/maplibre-gl.js?v=857ff43b:17225
[   22830ms] [WARNING] performance warning: READ-usage buffer was written, then fenced, but written again before being read back. This discarded the shadow copy that was created to accelerate readback. @ http://localhost:5173/node_modules/.vite/deps/maplibre-gl.js?v=857ff43b:17225
[   22997ms] [WARNING] performance warning: READ-usage buffer was written, then fenced, but written again before being read back. This discarded the shadow copy that was created to accelerate readback. @ http://localhost:5173/node_modules/.vite/deps/maplibre-gl.js?v=857ff43b:17225
[   23164ms] [WARNING] performance warning: READ-usage buffer was written, then fenced, but written again before being read back. This discarded the shadow copy that was created to accelerate readback. @ http://localhost:5173/node_modules/.vite/deps/maplibre-gl.js?v=857ff43b:17225
[   23331ms] [WARNING] performance warning: READ-usage buffer was written, then fenced, but written again before being read back. This discarded the shadow copy that was created to accelerate readback. @ http://localhost:5173/node_modules/.vite/deps/maplibre-gl.js?v=857ff43b:17225
[   23498ms] [WARNING] performance warning: READ-usage buffer was written, then fenced, but written again before being read back. This discarded the shadow copy that was created to accelerate readback. @ http://localhost:5173/node_modules/.vite/deps/maplibre-gl.js?v=857ff43b:17225
[   23664ms] [WARNING] performance warning: READ-usage buffer was written, then fenced, but written again before being read back. This discarded the shadow copy that was created to accelerate readback. @ http://localhost:5173/node_modules/.vite/deps/maplibre-gl.js?v=857ff43b:17225
[   23830ms] [WARNING] performance warning: READ-usage buffer was written, then fenced, but written again before being read back. This discarded the shadow copy that was created to accelerate readback. @ http://localhost:5173/node_modules/.vite/deps/maplibre-gl.js?v=857ff43b:17225
[   23998ms] [WARNING] performance warning: READ-usage buffer was written, then fenced, but written again before being read back. This discarded the shadow copy that was created to accelerate readback. @ http://localhost:5173/node_modules/.vite/deps/maplibre-gl.js?v=857ff43b:17225
[   24164ms] [WARNING] performance warning: READ-usage buffer was written, then fenced, but written again before being read back. This discarded the shadow copy that was created to accelerate readback. @ http://localhost:5173/node_modules/.vite/deps/maplibre-gl.js?v=857ff43b:17225
[   24332ms] [WARNING] performance warning: READ-usage buffer was written, then fenced, but written again before being read back. This discarded the shadow copy that was created to accelerate readback. @ http://localhost:5173/node_modules/.vite/deps/maplibre-gl.js?v=857ff43b:17225
[   24497ms] [WARNING] performance warning: READ-usage buffer was written, then fenced, but written again before being read back. This discarded the shadow copy that was created to accelerate readback. @ http://localhost:5173/node_modules/.vite/deps/maplibre-gl.js?v=857ff43b:17225
[   24664ms] [WARNING] performance warning: READ-usage buffer was written, then fenced, but written again before being read back. This discarded the shadow copy that was created to accelerate readback. @ http://localhost:5173/node_modules/.vite/deps/maplibre-gl.js?v=857ff43b:17225
[   24831ms] [WARNING] performance warning: READ-usage buffer was written, then fenced, but written again before being read back. This discarded the shadow copy that was created to accelerate readback. @ http://localhost:5173/node_modules/.vite/deps/maplibre-gl.js?v=857ff43b:17225
[   24997ms] [WARNING] performance warning: READ-usage buffer was written, then fenced, but written again before being read back. This discarded the shadow copy that was created to accelerate readback. @ http://localhost:5173/node_modules/.vite/deps/maplibre-gl.js?v=857ff43b:17225
[   25164ms] [WARNING] performance warning: READ-usage buffer was written, then fenced, but written again before being read back. This discarded the shadow copy that was created to accelerate readback. @ http://localhost:5173/node_modules/.vite/deps/maplibre-gl.js?v=857ff43b:17225
[   25332ms] [WARNING] performance warning: READ-usage buffer was written, then fenced, but written again before being read back. This discarded the shadow copy that was created to accelerate readback. @ http://localhost:5173/node_modules/.vite/deps/maplibre-gl.js?v=857ff43b:17225
[   25498ms] [WARNING] performance warning: READ-usage buffer was written, then fenced, but written again before being read back. This discarded the shadow copy that was created to accelerate readback. @ http://localhost:5173/node_modules/.vite/deps/maplibre-gl.js?v=857ff43b:17225
[   25665ms] [WARNING] performance warning: READ-usage buffer was written, then fenced, but written again before being read back. This discarded the shadow copy that was created to accelerate readback. @ http://localhost:5173/node_modules/.vite/deps/maplibre-gl.js?v=857ff43b:17225
[   25831ms] [WARNING] performance warning: READ-usage buffer was written, then fenced, but written again before being read back. This discarded the shadow copy that was created to accelerate readback. @ http://localhost:5173/node_modules/.vite/deps/maplibre-gl.js?v=857ff43b:17225
[   25998ms] [WARNING] performance warning: READ-usage buffer was written, then fenced, but written again before being read back. This discarded the shadow copy that was created to accelerate readback. @ http://localhost:5173/node_modules/.vite/deps/maplibre-gl.js?v=857ff43b:17225
[   26165ms] [WARNING] performance warning: READ-usage buffer was written, then fenced, but written again before being read back. This discarded the shadow copy that was created to accelerate readback. @ http://localhost:5173/node_modules/.vite/deps/maplibre-gl.js?v=857ff43b:17225
[   26331ms] [WARNING] performance warning: READ-usage buffer was written, then fenced, but written again before being read back. This discarded the shadow copy that was created to accelerate readback. @ http://localhost:5173/node_modules/.vite/deps/maplibre-gl.js?v=857ff43b:17225
[   26498ms] [WARNING] performance warning: READ-usage buffer was written, then fenced, but written again before being read back. This discarded the shadow copy that was created to accelerate readback. @ http://localhost:5173/node_modules/.vite/deps/maplibre-gl.js?v=857ff43b:17225
[   26665ms] [WARNING] performance warning: READ-usage buffer was written, then fenced, but written again before being read back. This discarded the shadow copy that was created to accelerate readback. @ http://localhost:5173/node_modules/.vite/deps/maplibre-gl.js?v=857ff43b:17225
[   26832ms] [WARNING] performance warning: READ-usage buffer was written, then fenced, but written again before being read back. This discarded the shadow copy that was created to accelerate readback. @ http://localhost:5173/node_modules/.vite/deps/maplibre-gl.js?v=857ff43b:17225
[   26999ms] [WARNING] performance warning: READ-usage buffer was written, then fenced, but written again before being read back. This discarded the shadow copy that was created to accelerate readback. @ http://localhost:5173/node_modules/.vite/deps/maplibre-gl.js?v=857ff43b:17225
[   27165ms] [WARNING] performance warning: READ-usage buffer was written, then fenced, but written again before being read back. This discarded the shadow copy that was created to accelerate readback. @ http://localhost:5173/node_modules/.vite/deps/maplibre-gl.js?v=857ff43b:17225
[   27332ms] [WARNING] performance warning: READ-usage buffer was written, then fenced, but written again before being read back. This discarded the shadow copy that was created to accelerate readback. @ http://localhost:5173/node_modules/.vite/deps/maplibre-gl.js?v=857ff43b:17225
[   27498ms] [WARNING] performance warning: READ-usage buffer was written, then fenced, but written again before being read back. This discarded the shadow copy that was created to accelerate readback. @ http://localhost:5173/node_modules/.vite/deps/maplibre-gl.js?v=857ff43b:17225
[   27665ms] [WARNING] performance warning: READ-usage buffer was written, then fenced, but written again before being read back. This discarded the shadow copy that was created to accelerate readback. @ http://localhost:5173/node_modules/.vite/deps/maplibre-gl.js?v=857ff43b:17225
[   27832ms] [WARNING] performance warning: READ-usage buffer was written, then fenced, but written again before being read back. This discarded the shadow copy that was created to accelerate readback. @ http://localhost:5173/node_modules/.vite/deps/maplibre-gl.js?v=857ff43b:17225
[   28000ms] [WARNING] performance warning: READ-usage buffer was written, then fenced, but written again before being read back. This discarded the shadow copy that was created to accelerate readback. @ http://localhost:5173/node_modules/.vite/deps/maplibre-gl.js?v=857ff43b:17225
[   28166ms] [WARNING] performance warning: READ-usage buffer was written, then fenced, but written again before being read back. This discarded the shadow copy that was created to accelerate readback. @ http://localhost:5173/node_modules/.vite/deps/maplibre-gl.js?v=857ff43b:17225
[   28332ms] [WARNING] performance warning: READ-usage buffer was written, then fenced, but written again before being read back. This discarded the shadow copy that was created to accelerate readback. @ http://localhost:5173/node_modules/.vite/deps/maplibre-gl.js?v=857ff43b:17225
[   28499ms] [WARNING] performance warning: READ-usage buffer was written, then fenced, but written again before being read back. This discarded the shadow copy that was created to accelerate readback. @ http://localhost:5173/node_modules/.vite/deps/maplibre-gl.js?v=857ff43b:17225
[   28666ms] [WARNING] performance warning: READ-usage buffer was written, then fenced, but written again before being read back. This discarded the shadow copy that was created to accelerate readback. @ http://localhost:5173/node_modules/.vite/deps/maplibre-gl.js?v=857ff43b:17225
[   28832ms] [WARNING] performance warning: READ-usage buffer was written, then fenced, but written again before being read back. This discarded the shadow copy that was created to accelerate readback. @ http://localhost:5173/node_modules/.vite/deps/maplibre-gl.js?v=857ff43b:17225
[   28999ms] [WARNING] performance warning: READ-usage buffer was written, then fenced, but written again before being read back. This discarded the shadow copy that was created to accelerate readback. @ http://localhost:5173/node_modules/.vite/deps/maplibre-gl.js?v=857ff43b:17225
[   29166ms] [WARNING] performance warning: READ-usage buffer was written, then fenced, but written again before being read back. This discarded the shadow copy that was created to accelerate readback. @ http://localhost:5173/node_modules/.vite/deps/maplibre-gl.js?v=857ff43b:17225
[   29334ms] [WARNING] performance warning: READ-usage buffer was written, then fenced, but written again before being read back. This discarded the shadow copy that was created to accelerate readback. @ http://localhost:5173/node_modules/.vite/deps/maplibre-gl.js?v=857ff43b:17225
[   29500ms] [WARNING] performance warning: READ-usage buffer was written, then fenced, but written again before being read back. This discarded the shadow copy that was created to accelerate readback. @ http://localhost:5173/node_modules/.vite/deps/maplibre-gl.js?v=857ff43b:17225
[   29666ms] [WARNING] performance warning: READ-usage buffer was written, then fenced, but written again before being read back. This discarded the shadow copy that was created to accelerate readback. @ http://localhost:5173/node_modules/.vite/deps/maplibre-gl.js?v=857ff43b:17225
[   29834ms] [WARNING] performance warning: READ-usage buffer was written, then fenced, but written again before being read back. This discarded the shadow copy that was created to accelerate readback. @ http://localhost:5173/node_modules/.vite/deps/maplibre-gl.js?v=857ff43b:17225
[   30000ms] [WARNING] performance warning: READ-usage buffer was written, then fenced, but written again before being read back. This discarded the shadow copy that was created to accelerate readback. @ http://localhost:5173/node_modules/.vite/deps/maplibre-gl.js?v=857ff43b:17225
[   30166ms] [WARNING] performance warning: READ-usage buffer was written, then fenced, but written again before being read back. This discarded the shadow copy that was created to accelerate readback. @ http://localhost:5173/node_modules/.vite/deps/maplibre-gl.js?v=857ff43b:17225
[   30334ms] [WARNING] performance warning: READ-usage buffer was written, then fenced, but written again before being read back. This discarded the shadow copy that was created to accelerate readback. @ http://localhost:5173/node_modules/.vite/deps/maplibre-gl.js?v=857ff43b:17225
[   30500ms] [WARNING] performance warning: READ-usage buffer was written, then fenced, but written again before being read back. This discarded the shadow copy that was created to accelerate readback. @ http://localhost:5173/node_modules/.vite/deps/maplibre-gl.js?v=857ff43b:17225
[   30667ms] [WARNING] performance warning: READ-usage buffer was written, then fenced, but written again before being read back. This discarded the shadow copy that was created to accelerate readback. @ http://localhost:5173/node_modules/.vite/deps/maplibre-gl.js?v=857ff43b:17225
[   30834ms] [WARNING] performance warning: READ-usage buffer was written, then fenced, but written again before being read back. This discarded the shadow copy that was created to accelerate readback. @ http://localhost:5173/node_modules/.vite/deps/maplibre-gl.js?v=857ff43b:17225
[   31000ms] [WARNING] performance warning: READ-usage buffer was written, then fenced, but written again before being read back. This discarded the shadow copy that was created to accelerate readback. @ http://localhost:5173/node_modules/.vite/deps/maplibre-gl.js?v=857ff43b:17225
[   31167ms] [WARNING] performance warning: READ-usage buffer was written, then fenced, but written again before being read back. This discarded the shadow copy that was created to accelerate readback. @ http://localhost:5173/node_modules/.vite/deps/maplibre-gl.js?v=857ff43b:17225
[   31333ms] [WARNING] performance warning: READ-usage buffer was written, then fenced, but written again before being read back. This discarded the shadow copy that was created to accelerate readback. @ http://localhost:5173/node_modules/.vite/deps/maplibre-gl.js?v=857ff43b:17225
[   31501ms] [WARNING] performance warning: READ-usage buffer was written, then fenced, but written again before being read back. This discarded the shadow copy that was created to accelerate readback. @ http://localhost:5173/node_modules/.vite/deps/maplibre-gl.js?v=857ff43b:17225
[   31667ms] [WARNING] performance warning: READ-usage buffer was written, then fenced, but written again before being read back. This discarded the shadow copy that was created to accelerate readback. @ http://localhost:5173/node_modules/.vite/deps/maplibre-gl.js?v=857ff43b:17225
[   31835ms] [WARNING] performance warning: READ-usage buffer was written, then fenced, but written again before being read back. This discarded the shadow copy that was created to accelerate readback. @ http://localhost:5173/node_modules/.vite/deps/maplibre-gl.js?v=857ff43b:17225
[   32001ms] [WARNING] performance warning: READ-usage buffer was written, then fenced, but written again before being read back. This discarded the shadow copy that was created to accelerate readback. @ http://localhost:5173/node_modules/.vite/deps/maplibre-gl.js?v=857ff43b:17225
[   32167ms] [WARNING] performance warning: READ-usage buffer was written, then fenced, but written again before being read back. This discarded the shadow copy that was created to accelerate readback. @ http://localhost:5173/node_modules/.vite/deps/maplibre-gl.js?v=857ff43b:17225
[   32334ms] [WARNING] performance warning: READ-usage buffer was written, then fenced, but written again before being read back. This discarded the shadow copy that was created to accelerate readback. @ http://localhost:5173/node_modules/.vite/deps/maplibre-gl.js?v=857ff43b:17225
[   32501ms] [WARNING] performance warning: READ-usage buffer was written, then fenced, but written again before being read back. This discarded the shadow copy that was created to accelerate readback. @ http://localhost:5173/node_modules/.vite/deps/maplibre-gl.js?v=857ff43b:17225
[   32668ms] [WARNING] performance warning: READ-usage buffer was written, then fenced, but written again before being read back. This discarded the shadow copy that was created to accelerate readback. @ http://localhost:5173/node_modules/.vite/deps/maplibre-gl.js?v=857ff43b:17225
[   32834ms] [WARNING] performance warning: READ-usage buffer was written, then fenced, but written again before being read back. This discarded the shadow copy that was created to accelerate readback. @ http://localhost:5173/node_modules/.vite/deps/maplibre-gl.js?v=857ff43b:17225
[   33001ms] [WARNING] performance warning: READ-usage buffer was written, then fenced, but written again before being read back. This discarded the shadow copy that was created to accelerate readback. @ http://localhost:5173/node_modules/.vite/deps/maplibre-gl.js?v=857ff43b:17225
[   33168ms] [WARNING] performance warning: READ-usage buffer was written, then fenced, but written again before being read back. This discarded the shadow copy that was created to accelerate readback. @ http://localhost:5173/node_modules/.vite/deps/maplibre-gl.js?v=857ff43b:17225
[   33335ms] [WARNING] performance warning: READ-usage buffer was written, then fenced, but written again before being read back. This discarded the shadow copy that was created to accelerate readback. @ http://localhost:5173/node_modules/.vite/deps/maplibre-gl.js?v=857ff43b:17225
[   33502ms] [WARNING] performance warning: READ-usage buffer was written, then fenced, but written again before being read back. This discarded the shadow copy that was created to accelerate readback. @ http://localhost:5173/node_modules/.vite/deps/maplibre-gl.js?v=857ff43b:17225
[   33668ms] [WARNING] performance warning: READ-usage buffer was written, then fenced, but written again before being read back. This discarded the shadow copy that was created to accelerate readback. @ http://localhost:5173/node_modules/.vite/deps/maplibre-gl.js?v=857ff43b:17225
[   33835ms] [WARNING] performance warning: READ-usage buffer was written, then fenced, but written again before being read back. This discarded the shadow copy that was created to accelerate readback. @ http://localhost:5173/node_modules/.vite/deps/maplibre-gl.js?v=857ff43b:17225
[   34001ms] [WARNING] performance warning: READ-usage buffer was written, then fenced, but written again before being read back. This discarded the shadow copy that was created to accelerate readback. @ http://localhost:5173/node_modules/.vite/deps/maplibre-gl.js?v=857ff43b:17225
[   34168ms] [WARNING] performance warning: READ-usage buffer was written, then fenced, but written again before being read back. This discarded the shadow copy that was created to accelerate readback. @ http://localhost:5173/node_modules/.vite/deps/maplibre-gl.js?v=857ff43b:17225
[   34335ms] [WARNING] performance warning: READ-usage buffer was written, then fenced, but written again before being read back. This discarded the shadow copy that was created to accelerate readback. @ http://localhost:5173/node_modules/.vite/deps/maplibre-gl.js?v=857ff43b:17225
[   34502ms] [WARNING] performance warning: READ-usage buffer was written, then fenced, but written again before being read back. This discarded the shadow copy that was created to accelerate readback. @ http://localhost:5173/node_modules/.vite/deps/maplibre-gl.js?v=857ff43b:17225
[   34668ms] [WARNING] performance warning: READ-usage buffer was written, then fenced, but written again before being read back. This discarded the shadow copy that was created to accelerate readback. @ http://localhost:5173/node_modules/.vite/deps/maplibre-gl.js?v=857ff43b:17225
[   34836ms] [WARNING] performance warning: READ-usage buffer was written, then fenced, but written again before being read back. This discarded the shadow copy that was created to accelerate readback. @ http://localhost:5173/node_modules/.vite/deps/maplibre-gl.js?v=857ff43b:17225
[   35002ms] [WARNING] performance warning: READ-usage buffer was written, then fenced, but written again before being read back. This discarded the shadow copy that was created to accelerate readback. @ http://localhost:5173/node_modules/.vite/deps/maplibre-gl.js?v=857ff43b:17225
[   35169ms] [WARNING] performance warning: READ-usage buffer was written, then fenced, but written again before being read back. This discarded the shadow copy that was created to accelerate readback. @ http://localhost:5173/node_modules/.vite/deps/maplibre-gl.js?v=857ff43b:17225
[   35336ms] [WARNING] performance warning: READ-usage buffer was written, then fenced, but written again before being read back. This discarded the shadow copy that was created to accelerate readback. @ http://localhost:5173/node_modules/.vite/deps/maplibre-gl.js?v=857ff43b:17225
[   35503ms] [WARNING] performance warning: READ-usage buffer was written, then fenced, but written again before being read back. This discarded the shadow copy that was created to accelerate readback. @ http://localhost:5173/node_modules/.vite/deps/maplibre-gl.js?v=857ff43b:17225
[   35669ms] [WARNING] performance warning: READ-usage buffer was written, then fenced, but written again before being read back. This discarded the shadow copy that was created to accelerate readback. @ http://localhost:5173/node_modules/.vite/deps/maplibre-gl.js?v=857ff43b:17225
[   35836ms] [WARNING] performance warning: READ-usage buffer was written, then fenced, but written again before being read back. This discarded the shadow copy that was created to accelerate readback. @ http://localhost:5173/node_modules/.vite/deps/maplibre-gl.js?v=857ff43b:17225
[   36002ms] [WARNING] performance warning: READ-usage buffer was written, then fenced, but written again before being read back. This discarded the shadow copy that was created to accelerate readback. @ http://localhost:5173/node_modules/.vite/deps/maplibre-gl.js?v=857ff43b:17225
[   36169ms] [WARNING] performance warning: READ-usage buffer was written, then fenced, but written again before being read back. This discarded the shadow copy that was created to accelerate readback. @ http://localhost:5173/node_modules/.vite/deps/maplibre-gl.js?v=857ff43b:17225
[   36336ms] [WARNING] performance warning: READ-usage buffer was written, then fenced, but written again before being read back. This discarded the shadow copy that was created to accelerate readback. @ http://localhost:5173/node_modules/.vite/deps/maplibre-gl.js?v=857ff43b:17225
[   36502ms] [WARNING] performance warning: READ-usage buffer was written, then fenced, but written again before being read back. This discarded the shadow copy that was created to accelerate readback. @ http://localhost:5173/node_modules/.vite/deps/maplibre-gl.js?v=857ff43b:17225
[   36669ms] [WARNING] performance warning: READ-usage buffer was written, then fenced, but written again before being read back. This discarded the shadow copy that was created to accelerate readback. @ http://localhost:5173/node_modules/.vite/deps/maplibre-gl.js?v=857ff43b:17225
[   36836ms] [WARNING] performance warning: READ-usage buffer was written, then fenced, but written again before being read back. This discarded the shadow copy that was created to accelerate readback. @ http://localhost:5173/node_modules/.vite/deps/maplibre-gl.js?v=857ff43b:17225
[   37004ms] [WARNING] performance warning: READ-usage buffer was written, then fenced, but written again before being read back. This discarded the shadow copy that was created to accelerate readback. @ http://localhost:5173/node_modules/.vite/deps/maplibre-gl.js?v=857ff43b:17225
[   37170ms] [WARNING] performance warning: READ-usage buffer was written, then fenced, but written again before being read back. This discarded the shadow copy that was created to accelerate readback. @ http://localhost:5173/node_modules/.vite/deps/maplibre-gl.js?v=857ff43b:17225
[   37336ms] [WARNING] performance warning: READ-usage buffer was written, then fenced, but written again before being read back. This discarded the shadow copy that was created to accelerate readback. @ http://localhost:5173/node_modules/.vite/deps/maplibre-gl.js?v=857ff43b:17225
[   37503ms] [WARNING] performance warning: READ-usage buffer was written, then fenced, but written again before being read back. This discarded the shadow copy that was created to accelerate readback. @ http://localhost:5173/node_modules/.vite/deps/maplibre-gl.js?v=857ff43b:17225
[   37670ms] [WARNING] performance warning: READ-usage buffer was written, then fenced, but written again before being read back. This discarded the shadow copy that was created to accelerate readback. @ http://localhost:5173/node_modules/.vite/deps/maplibre-gl.js?v=857ff43b:17225
[   37837ms] [WARNING] performance warning: READ-usage buffer was written, then fenced, but written again before being read back. This discarded the shadow copy that was created to accelerate readback. @ http://localhost:5173/node_modules/.vite/deps/maplibre-gl.js?v=857ff43b:17225
[   38004ms] [WARNING] performance warning: READ-usage buffer was written, then fenced, but written again before being read back. This discarded the shadow copy that was created to accelerate readback. @ http://localhost:5173/node_modules/.vite/deps/maplibre-gl.js?v=857ff43b:17225
[   38170ms] [WARNING] performance warning: READ-usage buffer was written, then fenced, but written again before being read back. This discarded the shadow copy that was created to accelerate readback. @ http://localhost:5173/node_modules/.vite/deps/maplibre-gl.js?v=857ff43b:17225
[   38337ms] [WARNING] performance warning: READ-usage buffer was written, then fenced, but written again before being read back. This discarded the shadow copy that was created to accelerate readback. @ http://localhost:5173/node_modules/.vite/deps/maplibre-gl.js?v=857ff43b:17225
[   38504ms] [WARNING] performance warning: READ-usage buffer was written, then fenced, but written again before being read back. This discarded the shadow copy that was created to accelerate readback. @ http://localhost:5173/node_modules/.vite/deps/maplibre-gl.js?v=857ff43b:17225
[   38670ms] [WARNING] performance warning: READ-usage buffer was written, then fenced, but written again before being read back. This discarded the shadow copy that was created to accelerate readback. @ http://localhost:5173/node_modules/.vite/deps/maplibre-gl.js?v=857ff43b:17225
[   38837ms] [WARNING] performance warning: READ-usage buffer was written, then fenced, but written again before being read back. This discarded the shadow copy that was created to accelerate readback. @ http://localhost:5173/node_modules/.vite/deps/maplibre-gl.js?v=857ff43b:17225
[   39003ms] [WARNING] performance warning: READ-usage buffer was written, then fenced, but written again before being read back. This discarded the shadow copy that was created to accelerate readback. @ http://localhost:5173/node_modules/.vite/deps/maplibre-gl.js?v=857ff43b:17225
[   39171ms] [WARNING] performance warning: READ-usage buffer was written, then fenced, but written again before being read back. This discarded the shadow copy that was created to accelerate readback. @ http://localhost:5173/node_modules/.vite/deps/maplibre-gl.js?v=857ff43b:17225
[   39337ms] [WARNING] performance warning: READ-usage buffer was written, then fenced, but written again before being read back. This discarded the shadow copy that was created to accelerate readback. @ http://localhost:5173/node_modules/.vite/deps/maplibre-gl.js?v=857ff43b:17225
[   39505ms] [WARNING] performance warning: READ-usage buffer was written, then fenced, but written again before being read back. This discarded the shadow copy that was created to accelerate readback. @ http://localhost:5173/node_modules/.vite/deps/maplibre-gl.js?v=857ff43b:17225
[   39671ms] [WARNING] performance warning: READ-usage buffer was written, then fenced, but written again before being read back. This discarded the shadow copy that was created to accelerate readback. @ http://localhost:5173/node_modules/.vite/deps/maplibre-gl.js?v=857ff43b:17225
[   39838ms] [WARNING] performance warning: READ-usage buffer was written, then fenced, but written again before being read back. This discarded the shadow copy that was created to accelerate readback. @ http://localhost:5173/node_modules/.vite/deps/maplibre-gl.js?v=857ff43b:17225
[   40004ms] [WARNING] performance warning: READ-usage buffer was written, then fenced, but written again before being read back. This discarded the shadow copy that was created to accelerate readback. @ http://localhost:5173/node_modules/.vite/deps/maplibre-gl.js?v=857ff43b:17225
[   40171ms] [WARNING] performance warning: READ-usage buffer was written, then fenced, but written again before being read back. This discarded the shadow copy that was created to accelerate readback. @ http://localhost:5173/node_modules/.vite/deps/maplibre-gl.js?v=857ff43b:17225
[   40337ms] [WARNING] performance warning: READ-usage buffer was written, then fenced, but written again before being read back. This discarded the shadow copy that was created to accelerate readback. @ http://localhost:5173/node_modules/.vite/deps/maplibre-gl.js?v=857ff43b:17225
[   40504ms] [WARNING] performance warning: READ-usage buffer was written, then fenced, but written again before being read back. This discarded the shadow copy that was created to accelerate readback. @ http://localhost:5173/node_modules/.vite/deps/maplibre-gl.js?v=857ff43b:17225
[   40671ms] [WARNING] performance warning: READ-usage buffer was written, then fenced, but written again before being read back. This discarded the shadow copy that was created to accelerate readback. @ http://localhost:5173/node_modules/.vite/deps/maplibre-gl.js?v=857ff43b:17225
[   40838ms] [WARNING] performance warning: READ-usage buffer was written, then fenced, but written again before being read back. This discarded the shadow copy that was created to accelerate readback. @ http://localhost:5173/node_modules/.vite/deps/maplibre-gl.js?v=857ff43b:17225
[   41004ms] [WARNING] performance warning: READ-usage buffer was written, then fenced, but written again before being read back. This discarded the shadow copy that was created to accelerate readback. @ http://localhost:5173/node_modules/.vite/deps/maplibre-gl.js?v=857ff43b:17225
[   41171ms] [WARNING] performance warning: READ-usage buffer was written, then fenced, but written again before being read back. This discarded the shadow copy that was created to accelerate readback. @ http://localhost:5173/node_modules/.vite/deps/maplibre-gl.js?v=857ff43b:17225
[   41338ms] [WARNING] performance warning: READ-usage buffer was written, then fenced, but written again before being read back. This discarded the shadow copy that was created to accelerate readback. @ http://localhost:5173/node_modules/.vite/deps/maplibre-gl.js?v=857ff43b:17225
[   41505ms] [WARNING] performance warning: READ-usage buffer was written, then fenced, but written again before being read back. This discarded the shadow copy that was created to accelerate readback. @ http://localhost:5173/node_modules/.vite/deps/maplibre-gl.js?v=857ff43b:17225
[   41672ms] [WARNING] performance warning: READ-usage buffer was written, then fenced, but written again before being read back. This discarded the shadow copy that was created to accelerate readback. @ http://localhost:5173/node_modules/.vite/deps/maplibre-gl.js?v=857ff43b:17225
[   41839ms] [WARNING] performance warning: READ-usage buffer was written, then fenced, but written again before being read back. This discarded the shadow copy that was created to accelerate readback. @ http://localhost:5173/node_modules/.vite/deps/maplibre-gl.js?v=857ff43b:17225
[   42005ms] [WARNING] performance warning: READ-usage buffer was written, then fenced, but written again before being read back. This discarded the shadow copy that was created to accelerate readback. @ http://localhost:5173/node_modules/.vite/deps/maplibre-gl.js?v=857ff43b:17225
[   42172ms] [WARNING] performance warning: READ-usage buffer was written, then fenced, but written again before being read back. This discarded the shadow copy that was created to accelerate readback. @ http://localhost:5173/node_modules/.vite/deps/maplibre-gl.js?v=857ff43b:17225
[   42339ms] [WARNING] performance warning: READ-usage buffer was written, then fenced, but written again before being read back. This discarded the shadow copy that was created to accelerate readback. @ http://localhost:5173/node_modules/.vite/deps/maplibre-gl.js?v=857ff43b:17225
[   42505ms] [WARNING] performance warning: READ-usage buffer was written, then fenced, but written again before being read back. This discarded the shadow copy that was created to accelerate readback. @ http://localhost:5173/node_modules/.vite/deps/maplibre-gl.js?v=857ff43b:17225
[   42672ms] [WARNING] performance warning: READ-usage buffer was written, then fenced, but written again before being read back. This discarded the shadow copy that was created to accelerate readback. @ http://localhost:5173/node_modules/.vite/deps/maplibre-gl.js?v=857ff43b:17225
[   42839ms] [WARNING] performance warning: READ-usage buffer was written, then fenced, but written again before being read back. This discarded the shadow copy that was created to accelerate readback. @ http://localhost:5173/node_modules/.vite/deps/maplibre-gl.js?v=857ff43b:17225
[   42839ms] [WARNING] WebGL: too many errors, no more errors will be reported to the console for this context. @ http://localhost:5173/node_modules/.vite/deps/maplibre-gl.js?v=857ff43b:17225
[  234510ms] [LOG] [vite] server connection lost. Polling for restart... @ http://localhost:5173/@vite/client:963
[  235514ms] [INFO] %cDownload the React DevTools for a better development experience: https://reactjs.org/link/react-devtools font-weight:bold @ http://localhost:5173/node_modules/.vite/deps/chunk-OY5C42Z6.js?v=6c7f53a0:21608
[  235548ms] [WARNING] ⚠️ React Router Future Flag Warning: React Router will begin wrapping state updates in `React.startTransition` in v7. You can use the `v7_startTransition` future flag to opt-in early. For more information, see https://reactrouter.com/v6/upgrading/future#v7_starttransition. @ http://localhost:5173/node_modules/.vite/deps/react-router-dom.js?v=6c7f53a0:4426
[  235548ms] [WARNING] ⚠️ React Router Future Flag Warning: Relative route resolution within Splat routes is changing in v7. You can use the `v7_relativeSplatPath` future flag to opt-in early. For more information, see https://reactrouter.com/v6/upgrading/future#v7_relativesplatpath. @ http://localhost:5173/node_modules/.vite/deps/react-router-dom.js?v=6c7f53a0:4426
[  235739ms] [WARNING] performance warning: READ-usage buffer was written, then fenced, but written again before being read back. This discarded the shadow copy that was created to accelerate readback. @ http://localhost:5173/node_modules/.vite/deps/maplibre-gl.js?v=6c7f53a0:17225
[  235905ms] [WARNING] performance warning: READ-usage buffer was written, then fenced, but written again before being read back. This discarded the shadow copy that was created to accelerate readback. @ http://localhost:5173/node_modules/.vite/deps/maplibre-gl.js?v=6c7f53a0:17225
[  236072ms] [WARNING] performance warning: READ-usage buffer was written, then fenced, but written again before being read back. This discarded the shadow copy that was created to accelerate readback. @ http://localhost:5173/node_modules/.vite/deps/maplibre-gl.js?v=6c7f53a0:17225
[  236239ms] [WARNING] performance warning: READ-usage buffer was written, then fenced, but written again before being read back. This discarded the shadow copy that was created to accelerate readback. @ http://localhost:5173/node_modules/.vite/deps/maplibre-gl.js?v=6c7f53a0:17225
[  236405ms] [WARNING] performance warning: READ-usage buffer was written, then fenced, but written again before being read back. This discarded the shadow copy that was created to accelerate readback. @ http://localhost:5173/node_modules/.vite/deps/maplibre-gl.js?v=6c7f53a0:17225
[  236572ms] [WARNING] performance warning: READ-usage buffer was written, then fenced, but written again before being read back. This discarded the shadow copy that was created to accelerate readback. @ http://localhost:5173/node_modules/.vite/deps/maplibre-gl.js?v=6c7f53a0:17225
[  236739ms] [WARNING] performance warning: READ-usage buffer was written, then fenced, but written again before being read back. This discarded the shadow copy that was created to accelerate readback. @ http://localhost:5173/node_modules/.vite/deps/maplibre-gl.js?v=6c7f53a0:17225
[  236906ms] [WARNING] performance warning: READ-usage buffer was written, then fenced, but written again before being read back. This discarded the shadow copy that was created to accelerate readback. @ http://localhost:5173/node_modules/.vite/deps/maplibre-gl.js?v=6c7f53a0:17225
[  237073ms] [WARNING] performance warning: READ-usage buffer was written, then fenced, but written again before being read back. This discarded the shadow copy that was created to accelerate readback. @ http://localhost:5173/node_modules/.vite/deps/maplibre-gl.js?v=6c7f53a0:17225
[  237239ms] [WARNING] performance warning: READ-usage buffer was written, then fenced, but written again before being read back. This discarded the shadow copy that was created to accelerate readback. @ http://localhost:5173/node_modules/.vite/deps/maplibre-gl.js?v=6c7f53a0:17225
[  237406ms] [WARNING] performance warning: READ-usage buffer was written, then fenced, but written again before being read back. This discarded the shadow copy that was created to accelerate readback. @ http://localhost:5173/node_modules/.vite/deps/maplibre-gl.js?v=6c7f53a0:17225
[  237572ms] [WARNING] performance warning: READ-usage buffer was written, then fenced, but written again before being read back. This discarded the shadow copy that was created to accelerate readback. @ http://localhost:5173/node_modules/.vite/deps/maplibre-gl.js?v=6c7f53a0:17225
[  237739ms] [WARNING] performance warning: READ-usage buffer was written, then fenced, but written again before being read back. This discarded the shadow copy that was created to accelerate readback. @ http://localhost:5173/node_modules/.vite/deps/maplibre-gl.js?v=6c7f53a0:17225
[  237906ms] [WARNING] performance warning: READ-usage buffer was written, then fenced, but written again before being read back. This discarded the shadow copy that was created to accelerate readback. @ http://localhost:5173/node_modules/.vite/deps/maplibre-gl.js?v=6c7f53a0:17225
[  238073ms] [WARNING] performance warning: READ-usage buffer was written, then fenced, but written again before being read back. This discarded the shadow copy that was created to accelerate readback. @ http://localhost:5173/node_modules/.vite/deps/maplibre-gl.js?v=6c7f53a0:17225
[  238240ms] [WARNING] performance warning: READ-usage buffer was written, then fenced, but written again before being read back. This discarded the shadow copy that was created to accelerate readback. @ http://localhost:5173/node_modules/.vite/deps/maplibre-gl.js?v=6c7f53a0:17225
[  238406ms] [WARNING] performance warning: READ-usage buffer was written, then fenced, but written again before being read back. This discarded the shadow copy that was created to accelerate readback. @ http://localhost:5173/node_modules/.vite/deps/maplibre-gl.js?v=6c7f53a0:17225
[  238573ms] [WARNING] performance warning: READ-usage buffer was written, then fenced, but written again before being read back. This discarded the shadow copy that was created to accelerate readback. @ http://localhost:5173/node_modules/.vite/deps/maplibre-gl.js?v=6c7f53a0:17225
[  238740ms] [WARNING] performance warning: READ-usage buffer was written, then fenced, but written again before being read back. This discarded the shadow copy that was created to accelerate readback. @ http://localhost:5173/node_modules/.vite/deps/maplibre-gl.js?v=6c7f53a0:17225
[  238906ms] [WARNING] performance warning: READ-usage buffer was written, then fenced, but written again before being read back. This discarded the shadow copy that was created to accelerate readback. @ http://localhost:5173/node_modules/.vite/deps/maplibre-gl.js?v=6c7f53a0:17225
[  239073ms] [WARNING] performance warning: READ-usage buffer was written, then fenced, but written again before being read back. This discarded the shadow copy that was created to accelerate readback. @ http://localhost:5173/node_modules/.vite/deps/maplibre-gl.js?v=6c7f53a0:17225
[  239240ms] [WARNING] performance warning: READ-usage buffer was written, then fenced, but written again before being read back. This discarded the shadow copy that was created to accelerate readback. @ http://localhost:5173/node_modules/.vite/deps/maplibre-gl.js?v=6c7f53a0:17225
[  239407ms] [WARNING] performance warning: READ-usage buffer was written, then fenced, but written again before being read back. This discarded the shadow copy that was created to accelerate readback. @ http://localhost:5173/node_modules/.vite/deps/maplibre-gl.js?v=6c7f53a0:17225
[  239574ms] [WARNING] performance warning: READ-usage buffer was written, then fenced, but written again before being read back. This discarded the shadow copy that was created to accelerate readback. @ http://localhost:5173/node_modules/.vite/deps/maplibre-gl.js?v=6c7f53a0:17225
[  239740ms] [WARNING] performance warning: READ-usage buffer was written, then fenced, but written again before being read back. This discarded the shadow copy that was created to accelerate readback. @ http://localhost:5173/node_modules/.vite/deps/maplibre-gl.js?v=6c7f53a0:17225
[  239907ms] [WARNING] performance warning: READ-usage buffer was written, then fenced, but written again before being read back. This discarded the shadow copy that was created to accelerate readback. @ http://localhost:5173/node_modules/.vite/deps/maplibre-gl.js?v=6c7f53a0:17225
[  240074ms] [WARNING] performance warning: READ-usage buffer was written, then fenced, but written again before being read back. This discarded the shadow copy that was created to accelerate readback. @ http://localhost:5173/node_modules/.vite/deps/maplibre-gl.js?v=6c7f53a0:17225
[  240240ms] [WARNING] performance warning: READ-usage buffer was written, then fenced, but written again before being read back. This discarded the shadow copy that was created to accelerate readback. @ http://localhost:5173/node_modules/.vite/deps/maplibre-gl.js?v=6c7f53a0:17225
[  240407ms] [WARNING] performance warning: READ-usage buffer was written, then fenced, but written again before being read back. This discarded the shadow copy that was created to accelerate readback. @ http://localhost:5173/node_modules/.vite/deps/maplibre-gl.js?v=6c7f53a0:17225
[  240574ms] [WARNING] performance warning: READ-usage buffer was written, then fenced, but written again before being read back. This discarded the shadow copy that was created to accelerate readback. @ http://localhost:5173/node_modules/.vite/deps/maplibre-gl.js?v=6c7f53a0:17225
[  240740ms] [WARNING] performance warning: READ-usage buffer was written, then fenced, but written again before being read back. This discarded the shadow copy that was created to accelerate readback. @ http://localhost:5173/node_modules/.vite/deps/maplibre-gl.js?v=6c7f53a0:17225
[  240908ms] [WARNING] performance warning: READ-usage buffer was written, then fenced, but written again before being read back. This discarded the shadow copy that was created to accelerate readback. @ http://localhost:5173/node_modules/.vite/deps/maplibre-gl.js?v=6c7f53a0:17225
[  241074ms] [WARNING] performance warning: READ-usage buffer was written, then fenced, but written again before being read back. This discarded the shadow copy that was created to accelerate readback. @ http://localhost:5173/node_modules/.vite/deps/maplibre-gl.js?v=6c7f53a0:17225
[  241241ms] [WARNING] performance warning: READ-usage buffer was written, then fenced, but written again before being read back. This discarded the shadow copy that was created to accelerate readback. @ http://localhost:5173/node_modules/.vite/deps/maplibre-gl.js?v=6c7f53a0:17225
[  241407ms] [WARNING] performance warning: READ-usage buffer was written, then fenced, but written again before being read back. This discarded the shadow copy that was created to accelerate readback. @ http://localhost:5173/node_modules/.vite/deps/maplibre-gl.js?v=6c7f53a0:17225
[  241574ms] [WARNING] performance warning: READ-usage buffer was written, then fenced, but written again before being read back. This discarded the shadow copy that was created to accelerate readback. @ http://localhost:5173/node_modules/.vite/deps/maplibre-gl.js?v=6c7f53a0:17225
[  241741ms] [WARNING] performance warning: READ-usage buffer was written, then fenced, but written again before being read back. This discarded the shadow copy that was created to accelerate readback. @ http://localhost:5173/node_modules/.vite/deps/maplibre-gl.js?v=6c7f53a0:17225
[  241907ms] [WARNING] performance warning: READ-usage buffer was written, then fenced, but written again before being read back. This discarded the shadow copy that was created to accelerate readback. @ http://localhost:5173/node_modules/.vite/deps/maplibre-gl.js?v=6c7f53a0:17225
[  242074ms] [WARNING] performance warning: READ-usage buffer was written, then fenced, but written again before being read back. This discarded the shadow copy that was created to accelerate readback. @ http://localhost:5173/node_modules/.vite/deps/maplibre-gl.js?v=6c7f53a0:17225
[  242241ms] [WARNING] performance warning: READ-usage buffer was written, then fenced, but written again before being read back. This discarded the shadow copy that was created to accelerate readback. @ http://localhost:5173/node_modules/.vite/deps/maplibre-gl.js?v=6c7f53a0:17225
[  242408ms] [WARNING] performance warning: READ-usage buffer was written, then fenced, but written again before being read back. This discarded the shadow copy that was created to accelerate readback. @ http://localhost:5173/node_modules/.vite/deps/maplibre-gl.js?v=6c7f53a0:17225
[  242575ms] [WARNING] performance warning: READ-usage buffer was written, then fenced, but written again before being read back. This discarded the shadow copy that was created to accelerate readback. @ http://localhost:5173/node_modules/.vite/deps/maplibre-gl.js?v=6c7f53a0:17225
[  242742ms] [WARNING] performance warning: READ-usage buffer was written, then fenced, but written again before being read back. This discarded the shadow copy that was created to accelerate readback. @ http://localhost:5173/node_modules/.vite/deps/maplibre-gl.js?v=6c7f53a0:17225
[  242908ms] [WARNING] performance warning: READ-usage buffer was written, then fenced, but written again before being read back. This discarded the shadow copy that was created to accelerate readback. @ http://localhost:5173/node_modules/.vite/deps/maplibre-gl.js?v=6c7f53a0:17225
[  243075ms] [WARNING] performance warning: READ-usage buffer was written, then fenced, but written again before being read back. This discarded the shadow copy that was created to accelerate readback. @ http://localhost:5173/node_modules/.vite/deps/maplibre-gl.js?v=6c7f53a0:17225
[  243242ms] [WARNING] performance warning: READ-usage buffer was written, then fenced, but written again before being read back. This discarded the shadow copy that was created to accelerate readback. @ http://localhost:5173/node_modules/.vite/deps/maplibre-gl.js?v=6c7f53a0:17225
[  243409ms] [WARNING] performance warning: READ-usage buffer was written, then fenced, but written again before being read back. This discarded the shadow copy that was created to accelerate readback. @ http://localhost:5173/node_modules/.vite/deps/maplibre-gl.js?v=6c7f53a0:17225
[  243575ms] [WARNING] performance warning: READ-usage buffer was written, then fenced, but written again before being read back. This discarded the shadow copy that was created to accelerate readback. @ http://localhost:5173/node_modules/.vite/deps/maplibre-gl.js?v=6c7f53a0:17225
[  243742ms] [WARNING] performance warning: READ-usage buffer was written, then fenced, but written again before being read back. This discarded the shadow copy that was created to accelerate readback. @ http://localhost:5173/node_modules/.vite/deps/maplibre-gl.js?v=6c7f53a0:17225
[  243908ms] [WARNING] performance warning: READ-usage buffer was written, then fenced, but written again before being read back. This discarded the shadow copy that was created to accelerate readback. @ http://localhost:5173/node_modules/.vite/deps/maplibre-gl.js?v=6c7f53a0:17225
[  244075ms] [WARNING] performance warning: READ-usage buffer was written, then fenced, but written again before being read back. This discarded the shadow copy that was created to accelerate readback. @ http://localhost:5173/node_modules/.vite/deps/maplibre-gl.js?v=6c7f53a0:17225
[  244242ms] [WARNING] performance warning: READ-usage buffer was written, then fenced, but written again before being read back. This discarded the shadow copy that was created to accelerate readback. @ http://localhost:5173/node_modules/.vite/deps/maplibre-gl.js?v=6c7f53a0:17225
[  244409ms] [WARNING] performance warning: READ-usage buffer was written, then fenced, but written again before being read back. This discarded the shadow copy that was created to accelerate readback. @ http://localhost:5173/node_modules/.vite/deps/maplibre-gl.js?v=6c7f53a0:17225
[  244576ms] [WARNING] performance warning: READ-usage buffer was written, then fenced, but written again before being read back. This discarded the shadow copy that was created to accelerate readback. @ http://localhost:5173/node_modules/.vite/deps/maplibre-gl.js?v=6c7f53a0:17225
[  244742ms] [WARNING] performance warning: READ-usage buffer was written, then fenced, but written again before being read back. This discarded the shadow copy that was created to accelerate readback. @ http://localhost:5173/node_modules/.vite/deps/maplibre-gl.js?v=6c7f53a0:17225
[  244909ms] [WARNING] performance warning: READ-usage buffer was written, then fenced, but written again before being read back. This discarded the shadow copy that was created to accelerate readback. @ http://localhost:5173/node_modules/.vite/deps/maplibre-gl.js?v=6c7f53a0:17225
[  245076ms] [WARNING] performance warning: READ-usage buffer was written, then fenced, but written again before being read back. This discarded the shadow copy that was created to accelerate readback. @ http://localhost:5173/node_modules/.vite/deps/maplibre-gl.js?v=6c7f53a0:17225
[  245242ms] [WARNING] performance warning: READ-usage buffer was written, then fenced, but written again before being read back. This discarded the shadow copy that was created to accelerate readback. @ http://localhost:5173/node_modules/.vite/deps/maplibre-gl.js?v=6c7f53a0:17225
[  245409ms] [WARNING] performance warning: READ-usage buffer was written, then fenced, but written again before being read back. This discarded the shadow copy that was created to accelerate readback. @ http://localhost:5173/node_modules/.vite/deps/maplibre-gl.js?v=6c7f53a0:17225
[  245576ms] [WARNING] performance warning: READ-usage buffer was written, then fenced, but written again before being read back. This discarded the shadow copy that was created to accelerate readback. @ http://localhost:5173/node_modules/.vite/deps/maplibre-gl.js?v=6c7f53a0:17225
[  245743ms] [WARNING] performance warning: READ-usage buffer was written, then fenced, but written again before being read back. This discarded the shadow copy that was created to accelerate readback. @ http://localhost:5173/node_modules/.vite/deps/maplibre-gl.js?v=6c7f53a0:17225
[  245909ms] [WARNING] performance warning: READ-usage buffer was written, then fenced, but written again before being read back. This discarded the shadow copy that was created to accelerate readback. @ http://localhost:5173/node_modules/.vite/deps/maplibre-gl.js?v=6c7f53a0:17225
[  246077ms] [WARNING] performance warning: READ-usage buffer was written, then fenced, but written again before being read back. This discarded the shadow copy that was created to accelerate readback. @ http://localhost:5173/node_modules/.vite/deps/maplibre-gl.js?v=6c7f53a0:17225
[  246243ms] [WARNING] performance warning: READ-usage buffer was written, then fenced, but written again before being read back. This discarded the shadow copy that was created to accelerate readback. @ http://localhost:5173/node_modules/.vite/deps/maplibre-gl.js?v=6c7f53a0:17225
[  246410ms] [WARNING] performance warning: READ-usage buffer was written, then fenced, but written again before being read back. This discarded the shadow copy that was created to accelerate readback. @ http://localhost:5173/node_modules/.vite/deps/maplibre-gl.js?v=6c7f53a0:17225
[  246576ms] [WARNING] performance warning: READ-usage buffer was written, then fenced, but written again before being read back. This discarded the shadow copy that was created to accelerate readback. @ http://localhost:5173/node_modules/.vite/deps/maplibre-gl.js?v=6c7f53a0:17225
[  246743ms] [WARNING] performance warning: READ-usage buffer was written, then fenced, but written again before being read back. This discarded the shadow copy that was created to accelerate readback. @ http://localhost:5173/node_modules/.vite/deps/maplibre-gl.js?v=6c7f53a0:17225
[  246910ms] [WARNING] performance warning: READ-usage buffer was written, then fenced, but written again before being read back. This discarded the shadow copy that was created to accelerate readback. @ http://localhost:5173/node_modules/.vite/deps/maplibre-gl.js?v=6c7f53a0:17225
[  247076ms] [WARNING] performance warning: READ-usage buffer was written, then fenced, but written again before being read back. This discarded the shadow copy that was created to accelerate readback. @ http://localhost:5173/node_modules/.vite/deps/maplibre-gl.js?v=6c7f53a0:17225
[  247243ms] [WARNING] performance warning: READ-usage buffer was written, then fenced, but written again before being read back. This discarded the shadow copy that was created to accelerate readback. @ http://localhost:5173/node_modules/.vite/deps/maplibre-gl.js?v=6c7f53a0:17225
[  247410ms] [WARNING] performance warning: READ-usage buffer was written, then fenced, but written again before being read back. This discarded the shadow copy that was created to accelerate readback. @ http://localhost:5173/node_modules/.vite/deps/maplibre-gl.js?v=6c7f53a0:17225
[  247577ms] [WARNING] performance warning: READ-usage buffer was written, then fenced, but written again before being read back. This discarded the shadow copy that was created to accelerate readback. @ http://localhost:5173/node_modules/.vite/deps/maplibre-gl.js?v=6c7f53a0:17225
[  247744ms] [WARNING] performance warning: READ-usage buffer was written, then fenced, but written again before being read back. This discarded the shadow copy that was created to accelerate readback. @ http://localhost:5173/node_modules/.vite/deps/maplibre-gl.js?v=6c7f53a0:17225
[  247910ms] [WARNING] performance warning: READ-usage buffer was written, then fenced, but written again before being read back. This discarded the shadow copy that was created to accelerate readback. @ http://localhost:5173/node_modules/.vite/deps/maplibre-gl.js?v=6c7f53a0:17225
[  248077ms] [WARNING] performance warning: READ-usage buffer was written, then fenced, but written again before being read back. This discarded the shadow copy that was created to accelerate readback. @ http://localhost:5173/node_modules/.vite/deps/maplibre-gl.js?v=6c7f53a0:17225
[  248244ms] [WARNING] performance warning: READ-usage buffer was written, then fenced, but written again before being read back. This discarded the shadow copy that was created to accelerate readback. @ http://localhost:5173/node_modules/.vite/deps/maplibre-gl.js?v=6c7f53a0:17225
[  248410ms] [WARNING] performance warning: READ-usage buffer was written, then fenced, but written again before being read back. This discarded the shadow copy that was created to accelerate readback. @ http://localhost:5173/node_modules/.vite/deps/maplibre-gl.js?v=6c7f53a0:17225
[  248577ms] [WARNING] performance warning: READ-usage buffer was written, then fenced, but written again before being read back. This discarded the shadow copy that was created to accelerate readback. @ http://localhost:5173/node_modules/.vite/deps/maplibre-gl.js?v=6c7f53a0:17225
[  248744ms] [WARNING] performance warning: READ-usage buffer was written, then fenced, but written again before being read back. This discarded the shadow copy that was created to accelerate readback. @ http://localhost:5173/node_modules/.vite/deps/maplibre-gl.js?v=6c7f53a0:17225
[  248911ms] [WARNING] performance warning: READ-usage buffer was written, then fenced, but written again before being read back. This discarded the shadow copy that was created to accelerate readback. @ http://localhost:5173/node_modules/.vite/deps/maplibre-gl.js?v=6c7f53a0:17225
[  249077ms] [WARNING] performance warning: READ-usage buffer was written, then fenced, but written again before being read back. This discarded the shadow copy that was created to accelerate readback. @ http://localhost:5173/node_modules/.vite/deps/maplibre-gl.js?v=6c7f53a0:17225
[  249244ms] [WARNING] performance warning: READ-usage buffer was written, then fenced, but written again before being read back. This discarded the shadow copy that was created to accelerate readback. @ http://localhost:5173/node_modules/.vite/deps/maplibre-gl.js?v=6c7f53a0:17225
[  249411ms] [WARNING] performance warning: READ-usage buffer was written, then fenced, but written again before being read back. This discarded the shadow copy that was created to accelerate readback. @ http://localhost:5173/node_modules/.vite/deps/maplibre-gl.js?v=6c7f53a0:17225
[  249578ms] [WARNING] performance warning: READ-usage buffer was written, then fenced, but written again before being read back. This discarded the shadow copy that was created to accelerate readback. @ http://localhost:5173/node_modules/.vite/deps/maplibre-gl.js?v=6c7f53a0:17225
[  249745ms] [WARNING] performance warning: READ-usage buffer was written, then fenced, but written again before being read back. This discarded the shadow copy that was created to accelerate readback. @ http://localhost:5173/node_modules/.vite/deps/maplibre-gl.js?v=6c7f53a0:17225
[  249911ms] [WARNING] performance warning: READ-usage buffer was written, then fenced, but written again before being read back. This discarded the shadow copy that was created to accelerate readback. @ http://localhost:5173/node_modules/.vite/deps/maplibre-gl.js?v=6c7f53a0:17225
[  250078ms] [WARNING] performance warning: READ-usage buffer was written, then fenced, but written again before being read back. This discarded the shadow copy that was created to accelerate readback. @ http://localhost:5173/node_modules/.vite/deps/maplibre-gl.js?v=6c7f53a0:17225
[  250245ms] [WARNING] performance warning: READ-usage buffer was written, then fenced, but written again before being read back. This discarded the shadow copy that was created to accelerate readback. @ http://localhost:5173/node_modules/.vite/deps/maplibre-gl.js?v=6c7f53a0:17225
[  250411ms] [WARNING] performance warning: READ-usage buffer was written, then fenced, but written again before being read back. This discarded the shadow copy that was created to accelerate readback. @ http://localhost:5173/node_modules/.vite/deps/maplibre-gl.js?v=6c7f53a0:17225
[  250578ms] [WARNING] performance warning: READ-usage buffer was written, then fenced, but written again before being read back. This discarded the shadow copy that was created to accelerate readback. @ http://localhost:5173/node_modules/.vite/deps/maplibre-gl.js?v=6c7f53a0:17225
[  250745ms] [WARNING] performance warning: READ-usage buffer was written, then fenced, but written again before being read back. This discarded the shadow copy that was created to accelerate readback. @ http://localhost:5173/node_modules/.vite/deps/maplibre-gl.js?v=6c7f53a0:17225
[  250911ms] [WARNING] performance warning: READ-usage buffer was written, then fenced, but written again before being read back. This discarded the shadow copy that was created to accelerate readback. @ http://localhost:5173/node_modules/.vite/deps/maplibre-gl.js?v=6c7f53a0:17225
[  251078ms] [WARNING] performance warning: READ-usage buffer was written, then fenced, but written again before being read back. This discarded the shadow copy that was created to accelerate readback. @ http://localhost:5173/node_modules/.vite/deps/maplibre-gl.js?v=6c7f53a0:17225
[  251245ms] [WARNING] performance warning: READ-usage buffer was written, then fenced, but written again before being read back. This discarded the shadow copy that was created to accelerate readback. @ http://localhost:5173/node_modules/.vite/deps/maplibre-gl.js?v=6c7f53a0:17225
[  251412ms] [WARNING] performance warning: READ-usage buffer was written, then fenced, but written again before being read back. This discarded the shadow copy that was created to accelerate readback. @ http://localhost:5173/node_modules/.vite/deps/maplibre-gl.js?v=6c7f53a0:17225
[  251579ms] [WARNING] performance warning: READ-usage buffer was written, then fenced, but written again before being read back. This discarded the shadow copy that was created to accelerate readback. @ http://localhost:5173/node_modules/.vite/deps/maplibre-gl.js?v=6c7f53a0:17225
[  251745ms] [WARNING] performance warning: READ-usage buffer was written, then fenced, but written again before being read back. This discarded the shadow copy that was created to accelerate readback. @ http://localhost:5173/node_modules/.vite/deps/maplibre-gl.js?v=6c7f53a0:17225
[  251913ms] [WARNING] performance warning: READ-usage buffer was written, then fenced, but written again before being read back. This discarded the shadow copy that was created to accelerate readback. @ http://localhost:5173/node_modules/.vite/deps/maplibre-gl.js?v=6c7f53a0:17225
[  252081ms] [WARNING] performance warning: READ-usage buffer was written, then fenced, but written again before being read back. This discarded the shadow copy that was created to accelerate readback. @ http://localhost:5173/node_modules/.vite/deps/maplibre-gl.js?v=6c7f53a0:17225
[  252246ms] [WARNING] performance warning: READ-usage buffer was written, then fenced, but written again before being read back. This discarded the shadow copy that was created to accelerate readback. @ http://localhost:5173/node_modules/.vite/deps/maplibre-gl.js?v=6c7f53a0:17225
[  252412ms] [WARNING] performance warning: READ-usage buffer was written, then fenced, but written again before being read back. This discarded the shadow copy that was created to accelerate readback. @ http://localhost:5173/node_modules/.vite/deps/maplibre-gl.js?v=6c7f53a0:17225
[  252581ms] [WARNING] performance warning: READ-usage buffer was written, then fenced, but written again before being read back. This discarded the shadow copy that was created to accelerate readback. @ http://localhost:5173/node_modules/.vite/deps/maplibre-gl.js?v=6c7f53a0:17225
[  252747ms] [WARNING] performance warning: READ-usage buffer was written, then fenced, but written again before being read back. This discarded the shadow copy that was created to accelerate readback. @ http://localhost:5173/node_modules/.vite/deps/maplibre-gl.js?v=6c7f53a0:17225
[  252912ms] [WARNING] performance warning: READ-usage buffer was written, then fenced, but written again before being read back. This discarded the shadow copy that was created to accelerate readback. @ http://localhost:5173/node_modules/.vite/deps/maplibre-gl.js?v=6c7f53a0:17225
[  253080ms] [WARNING] performance warning: READ-usage buffer was written, then fenced, but written again before being read back. This discarded the shadow copy that was created to accelerate readback. @ http://localhost:5173/node_modules/.vite/deps/maplibre-gl.js?v=6c7f53a0:17225
[  253246ms] [WARNING] performance warning: READ-usage buffer was written, then fenced, but written again before being read back. This discarded the shadow copy that was created to accelerate readback. @ http://localhost:5173/node_modules/.vite/deps/maplibre-gl.js?v=6c7f53a0:17225
[  253414ms] [WARNING] performance warning: READ-usage buffer was written, then fenced, but written again before being read back. This discarded the shadow copy that was created to accelerate readback. @ http://localhost:5173/node_modules/.vite/deps/maplibre-gl.js?v=6c7f53a0:17225
[  253581ms] [WARNING] performance warning: READ-usage buffer was written, then fenced, but written again before being read back. This discarded the shadow copy that was created to accelerate readback. @ http://localhost:5173/node_modules/.vite/deps/maplibre-gl.js?v=6c7f53a0:17225
[  253747ms] [WARNING] performance warning: READ-usage buffer was written, then fenced, but written again before being read back. This discarded the shadow copy that was created to accelerate readback. @ http://localhost:5173/node_modules/.vite/deps/maplibre-gl.js?v=6c7f53a0:17225
[  253914ms] [WARNING] performance warning: READ-usage buffer was written, then fenced, but written again before being read back. This discarded the shadow copy that was created to accelerate readback. @ http://localhost:5173/node_modules/.vite/deps/maplibre-gl.js?v=6c7f53a0:17225
[  254080ms] [WARNING] performance warning: READ-usage buffer was written, then fenced, but written again before being read back. This discarded the shadow copy that was created to accelerate readback. @ http://localhost:5173/node_modules/.vite/deps/maplibre-gl.js?v=6c7f53a0:17225
[  254247ms] [WARNING] performance warning: READ-usage buffer was written, then fenced, but written again before being read back. This discarded the shadow copy that was created to accelerate readback. @ http://localhost:5173/node_modules/.vite/deps/maplibre-gl.js?v=6c7f53a0:17225
[  254413ms] [WARNING] performance warning: READ-usage buffer was written, then fenced, but written again before being read back. This discarded the shadow copy that was created to accelerate readback. @ http://localhost:5173/node_modules/.vite/deps/maplibre-gl.js?v=6c7f53a0:17225
[  254580ms] [WARNING] performance warning: READ-usage buffer was written, then fenced, but written again before being read back. This discarded the shadow copy that was created to accelerate readback. @ http://localhost:5173/node_modules/.vite/deps/maplibre-gl.js?v=6c7f53a0:17225
[  254747ms] [WARNING] performance warning: READ-usage buffer was written, then fenced, but written again before being read back. This discarded the shadow copy that was created to accelerate readback. @ http://localhost:5173/node_modules/.vite/deps/maplibre-gl.js?v=6c7f53a0:17225
[  254914ms] [WARNING] performance warning: READ-usage buffer was written, then fenced, but written again before being read back. This discarded the shadow copy that was created to accelerate readback. @ http://localhost:5173/node_modules/.vite/deps/maplibre-gl.js?v=6c7f53a0:17225
[  255081ms] [WARNING] performance warning: READ-usage buffer was written, then fenced, but written again before being read back. This discarded the shadow copy that was created to accelerate readback. @ http://localhost:5173/node_modules/.vite/deps/maplibre-gl.js?v=6c7f53a0:17225
[  255247ms] [WARNING] performance warning: READ-usage buffer was written, then fenced, but written again before being read back. This discarded the shadow copy that was created to accelerate readback. @ http://localhost:5173/node_modules/.vite/deps/maplibre-gl.js?v=6c7f53a0:17225
[  255413ms] [WARNING] performance warning: READ-usage buffer was written, then fenced, but written again before being read back. This discarded the shadow copy that was created to accelerate readback. @ http://localhost:5173/node_modules/.vite/deps/maplibre-gl.js?v=6c7f53a0:17225
[  255580ms] [WARNING] performance warning: READ-usage buffer was written, then fenced, but written again before being read back. This discarded the shadow copy that was created to accelerate readback. @ http://localhost:5173/node_modules/.vite/deps/maplibre-gl.js?v=6c7f53a0:17225
[  255748ms] [WARNING] performance warning: READ-usage buffer was written, then fenced, but written again before being read back. This discarded the shadow copy that was created to accelerate readback. @ http://localhost:5173/node_modules/.vite/deps/maplibre-gl.js?v=6c7f53a0:17225
[  255914ms] [WARNING] performance warning: READ-usage buffer was written, then fenced, but written again before being read back. This discarded the shadow copy that was created to accelerate readback. @ http://localhost:5173/node_modules/.vite/deps/maplibre-gl.js?v=6c7f53a0:17225
[  256081ms] [WARNING] performance warning: READ-usage buffer was written, then fenced, but written again before being read back. This discarded the shadow copy that was created to accelerate readback. @ http://localhost:5173/node_modules/.vite/deps/maplibre-gl.js?v=6c7f53a0:17225
[  256247ms] [WARNING] performance warning: READ-usage buffer was written, then fenced, but written again before being read back. This discarded the shadow copy that was created to accelerate readback. @ http://localhost:5173/node_modules/.vite/deps/maplibre-gl.js?v=6c7f53a0:17225
[  256414ms] [WARNING] performance warning: READ-usage buffer was written, then fenced, but written again before being read back. This discarded the shadow copy that was created to accelerate readback. @ http://localhost:5173/node_modules/.vite/deps/maplibre-gl.js?v=6c7f53a0:17225
[  256581ms] [WARNING] performance warning: READ-usage buffer was written, then fenced, but written again before being read back. This discarded the shadow copy that was created to accelerate readback. @ http://localhost:5173/node_modules/.vite/deps/maplibre-gl.js?v=6c7f53a0:17225
[  256747ms] [WARNING] performance warning: READ-usage buffer was written, then fenced, but written again before being read back. This discarded the shadow copy that was created to accelerate readback. @ http://localhost:5173/node_modules/.vite/deps/maplibre-gl.js?v=6c7f53a0:17225
[  256915ms] [WARNING] performance warning: READ-usage buffer was written, then fenced, but written again before being read back. This discarded the shadow copy that was created to accelerate readback. @ http://localhost:5173/node_modules/.vite/deps/maplibre-gl.js?v=6c7f53a0:17225
[  257082ms] [WARNING] performance warning: READ-usage buffer was written, then fenced, but written again before being read back. This discarded the shadow copy that was created to accelerate readback. @ http://localhost:5173/node_modules/.vite/deps/maplibre-gl.js?v=6c7f53a0:17225
[  257249ms] [WARNING] performance warning: READ-usage buffer was written, then fenced, but written again before being read back. This discarded the shadow copy that was created to accelerate readback. @ http://localhost:5173/node_modules/.vite/deps/maplibre-gl.js?v=6c7f53a0:17225
[  257415ms] [WARNING] performance warning: READ-usage buffer was written, then fenced, but written again before being read back. This discarded the shadow copy that was created to accelerate readback. @ http://localhost:5173/node_modules/.vite/deps/maplibre-gl.js?v=6c7f53a0:17225
[  257583ms] [WARNING] performance warning: READ-usage buffer was written, then fenced, but written again before being read back. This discarded the shadow copy that was created to accelerate readback. @ http://localhost:5173/node_modules/.vite/deps/maplibre-gl.js?v=6c7f53a0:17225
[  257748ms] [WARNING] performance warning: READ-usage buffer was written, then fenced, but written again before being read back. This discarded the shadow copy that was created to accelerate readback. @ http://localhost:5173/node_modules/.vite/deps/maplibre-gl.js?v=6c7f53a0:17225
[  257915ms] [WARNING] performance warning: READ-usage buffer was written, then fenced, but written again before being read back. This discarded the shadow copy that was created to accelerate readback. @ http://localhost:5173/node_modules/.vite/deps/maplibre-gl.js?v=6c7f53a0:17225
[  258081ms] [WARNING] performance warning: READ-usage buffer was written, then fenced, but written again before being read back. This discarded the shadow copy that was created to accelerate readback. @ http://localhost:5173/node_modules/.vite/deps/maplibre-gl.js?v=6c7f53a0:17225
