[      78ms] [INFO] %cDownload the React DevTools for a better development experience: https://reactjs.org/link/react-devtools font-weight:bold @ http://localhost:5173/node_modules/.vite/deps/chunk-OY5C42Z6.js?v=f4f8b016:21608
[     103ms] [WARNING] ⚠️ React Router Future Flag Warning: React Router will begin wrapping state updates in `React.startTransition` in v7. You can use the `v7_startTransition` future flag to opt-in early. For more information, see https://reactrouter.com/v6/upgrading/future#v7_starttransition. @ http://localhost:5173/node_modules/.vite/deps/react-router-dom.js?v=f4f8b016:4426
[     104ms] [WARNING] ⚠️ React Router Future Flag Warning: Relative route resolution within Splat routes is changing in v7. You can use the `v7_relativeSplatPath` future flag to opt-in early. For more information, see https://reactrouter.com/v6/upgrading/future#v7_relativesplatpath. @ http://localhost:5173/node_modules/.vite/deps/react-router-dom.js?v=f4f8b016:4426
[     757ms] [WARNING] performance warning: READ-usage buffer was written, then fenced, but written again before being read back. This discarded the shadow copy that was created to accelerate readback. @ http://localhost:5173/node_modules/.vite/deps/maplibre-gl.js?v=f4f8b016:17225
[     916ms] [WARNING] performance warning: READ-usage buffer was written, then fenced, but written again before being read back. This discarded the shadow copy that was created to accelerate readback. @ http://localhost:5173/node_modules/.vite/deps/maplibre-gl.js?v=f4f8b016:17225
[    1083ms] [WARNING] performance warning: READ-usage buffer was written, then fenced, but written again before being read back. This discarded the shadow copy that was created to accelerate readback. @ http://localhost:5173/node_modules/.vite/deps/maplibre-gl.js?v=f4f8b016:17225
[    1249ms] [WARNING] performance warning: READ-usage buffer was written, then fenced, but written again before being read back. This discarded the shadow copy that was created to accelerate readback. @ http://localhost:5173/node_modules/.vite/deps/maplibre-gl.js?v=f4f8b016:17225
[    1416ms] [WARNING] performance warning: READ-usage buffer was written, then fenced, but written again before being read back. This discarded the shadow copy that was created to accelerate readback. @ http://localhost:5173/node_modules/.vite/deps/maplibre-gl.js?v=f4f8b016:17225
[    1584ms] [WARNING] performance warning: READ-usage buffer was written, then fenced, but written again before being read back. This discarded the shadow copy that was created to accelerate readback. @ http://localhost:5173/node_modules/.vite/deps/maplibre-gl.js?v=f4f8b016:17225
[    1750ms] [WARNING] performance warning: READ-usage buffer was written, then fenced, but written again before being read back. This discarded the shadow copy that was created to accelerate readback. @ http://localhost:5173/node_modules/.vite/deps/maplibre-gl.js?v=f4f8b016:17225
[    1917ms] [WARNING] performance warning: READ-usage buffer was written, then fenced, but written again before being read back. This discarded the shadow copy that was created to accelerate readback. @ http://localhost:5173/node_modules/.vite/deps/maplibre-gl.js?v=f4f8b016:17225
[    2083ms] [WARNING] performance warning: READ-usage buffer was written, then fenced, but written again before being read back. This discarded the shadow copy that was created to accelerate readback. @ http://localhost:5173/node_modules/.vite/deps/maplibre-gl.js?v=f4f8b016:17225
[    2249ms] [WARNING] performance warning: READ-usage buffer was written, then fenced, but written again before being read back. This discarded the shadow copy that was created to accelerate readback. @ http://localhost:5173/node_modules/.vite/deps/maplibre-gl.js?v=f4f8b016:17225
[    2416ms] [WARNING] performance warning: READ-usage buffer was written, then fenced, but written again before being read back. This discarded the shadow copy that was created to accelerate readback. @ http://localhost:5173/node_modules/.vite/deps/maplibre-gl.js?v=f4f8b016:17225
[    2583ms] [WARNING] performance warning: READ-usage buffer was written, then fenced, but written again before being read back. This discarded the shadow copy that was created to accelerate readback. @ http://localhost:5173/node_modules/.vite/deps/maplibre-gl.js?v=f4f8b016:17225
[    2750ms] [WARNING] performance warning: READ-usage buffer was written, then fenced, but written again before being read back. This discarded the shadow copy that was created to accelerate readback. @ http://localhost:5173/node_modules/.vite/deps/maplibre-gl.js?v=f4f8b016:17225
[    2916ms] [WARNING] performance warning: READ-usage buffer was written, then fenced, but written again before being read back. This discarded the shadow copy that was created to accelerate readback. @ http://localhost:5173/node_modules/.vite/deps/maplibre-gl.js?v=f4f8b016:17225
[    3084ms] [WARNING] performance warning: READ-usage buffer was written, then fenced, but written again before being read back. This discarded the shadow copy that was created to accelerate readback. @ http://localhost:5173/node_modules/.vite/deps/maplibre-gl.js?v=f4f8b016:17225
[    3250ms] [WARNING] performance warning: READ-usage buffer was written, then fenced, but written again before being read back. This discarded the shadow copy that was created to accelerate readback. @ http://localhost:5173/node_modules/.vite/deps/maplibre-gl.js?v=f4f8b016:17225
[    3417ms] [WARNING] performance warning: READ-usage buffer was written, then fenced, but written again before being read back. This discarded the shadow copy that was created to accelerate readback. @ http://localhost:5173/node_modules/.vite/deps/maplibre-gl.js?v=f4f8b016:17225
[    3583ms] [WARNING] performance warning: READ-usage buffer was written, then fenced, but written again before being read back. This discarded the shadow copy that was created to accelerate readback. @ http://localhost:5173/node_modules/.vite/deps/maplibre-gl.js?v=f4f8b016:17225
[    3750ms] [WARNING] performance warning: READ-usage buffer was written, then fenced, but written again before being read back. This discarded the shadow copy that was created to accelerate readback. @ http://localhost:5173/node_modules/.vite/deps/maplibre-gl.js?v=f4f8b016:17225
[    3918ms] [WARNING] performance warning: READ-usage buffer was written, then fenced, but written again before being read back. This discarded the shadow copy that was created to accelerate readback. @ http://localhost:5173/node_modules/.vite/deps/maplibre-gl.js?v=f4f8b016:17225
[    4084ms] [WARNING] performance warning: READ-usage buffer was written, then fenced, but written again before being read back. This discarded the shadow copy that was created to accelerate readback. @ http://localhost:5173/node_modules/.vite/deps/maplibre-gl.js?v=f4f8b016:17225
[    4251ms] [WARNING] performance warning: READ-usage buffer was written, then fenced, but written again before being read back. This discarded the shadow copy that was created to accelerate readback. @ http://localhost:5173/node_modules/.vite/deps/maplibre-gl.js?v=f4f8b016:17225
[    4417ms] [WARNING] performance warning: READ-usage buffer was written, then fenced, but written again before being read back. This discarded the shadow copy that was created to accelerate readback. @ http://localhost:5173/node_modules/.vite/deps/maplibre-gl.js?v=f4f8b016:17225
[    4584ms] [WARNING] performance warning: READ-usage buffer was written, then fenced, but written again before being read back. This discarded the shadow copy that was created to accelerate readback. @ http://localhost:5173/node_modules/.vite/deps/maplibre-gl.js?v=f4f8b016:17225
[    4751ms] [WARNING] performance warning: READ-usage buffer was written, then fenced, but written again before being read back. This discarded the shadow copy that was created to accelerate readback. @ http://localhost:5173/node_modules/.vite/deps/maplibre-gl.js?v=f4f8b016:17225
[    4917ms] [WARNING] performance warning: READ-usage buffer was written, then fenced, but written again before being read back. This discarded the shadow copy that was created to accelerate readback. @ http://localhost:5173/node_modules/.vite/deps/maplibre-gl.js?v=f4f8b016:17225
[    5084ms] [WARNING] performance warning: READ-usage buffer was written, then fenced, but written again before being read back. This discarded the shadow copy that was created to accelerate readback. @ http://localhost:5173/node_modules/.vite/deps/maplibre-gl.js?v=f4f8b016:17225
[    5251ms] [WARNING] performance warning: READ-usage buffer was written, then fenced, but written again before being read back. This discarded the shadow copy that was created to accelerate readback. @ http://localhost:5173/node_modules/.vite/deps/maplibre-gl.js?v=f4f8b016:17225
[    5418ms] [WARNING] performance warning: READ-usage buffer was written, then fenced, but written again before being read back. This discarded the shadow copy that was created to accelerate readback. @ http://localhost:5173/node_modules/.vite/deps/maplibre-gl.js?v=f4f8b016:17225
[    5585ms] [WARNING] performance warning: READ-usage buffer was written, then fenced, but written again before being read back. This discarded the shadow copy that was created to accelerate readback. @ http://localhost:5173/node_modules/.vite/deps/maplibre-gl.js?v=f4f8b016:17225
[    5751ms] [WARNING] performance warning: READ-usage buffer was written, then fenced, but written again before being read back. This discarded the shadow copy that was created to accelerate readback. @ http://localhost:5173/node_modules/.vite/deps/maplibre-gl.js?v=f4f8b016:17225
[    5919ms] [WARNING] performance warning: READ-usage buffer was written, then fenced, but written again before being read back. This discarded the shadow copy that was created to accelerate readback. @ http://localhost:5173/node_modules/.vite/deps/maplibre-gl.js?v=f4f8b016:17225
[    6085ms] [WARNING] performance warning: READ-usage buffer was written, then fenced, but written again before being read back. This discarded the shadow copy that was created to accelerate readback. @ http://localhost:5173/node_modules/.vite/deps/maplibre-gl.js?v=f4f8b016:17225
[    6251ms] [WARNING] performance warning: READ-usage buffer was written, then fenced, but written again before being read back. This discarded the shadow copy that was created to accelerate readback. @ http://localhost:5173/node_modules/.vite/deps/maplibre-gl.js?v=f4f8b016:17225
[    6418ms] [WARNING] performance warning: READ-usage buffer was written, then fenced, but written again before being read back. This discarded the shadow copy that was created to accelerate readback. @ http://localhost:5173/node_modules/.vite/deps/maplibre-gl.js?v=f4f8b016:17225
[    6585ms] [WARNING] performance warning: READ-usage buffer was written, then fenced, but written again before being read back. This discarded the shadow copy that was created to accelerate readback. @ http://localhost:5173/node_modules/.vite/deps/maplibre-gl.js?v=f4f8b016:17225
[    6752ms] [WARNING] performance warning: READ-usage buffer was written, then fenced, but written again before being read back. This discarded the shadow copy that was created to accelerate readback. @ http://localhost:5173/node_modules/.vite/deps/maplibre-gl.js?v=f4f8b016:17225
[    6918ms] [WARNING] performance warning: READ-usage buffer was written, then fenced, but written again before being read back. This discarded the shadow copy that was created to accelerate readback. @ http://localhost:5173/node_modules/.vite/deps/maplibre-gl.js?v=f4f8b016:17225
[    7085ms] [WARNING] performance warning: READ-usage buffer was written, then fenced, but written again before being read back. This discarded the shadow copy that was created to accelerate readback. @ http://localhost:5173/node_modules/.vite/deps/maplibre-gl.js?v=f4f8b016:17225
[    7252ms] [WARNING] performance warning: READ-usage buffer was written, then fenced, but written again before being read back. This discarded the shadow copy that was created to accelerate readback. @ http://localhost:5173/node_modules/.vite/deps/maplibre-gl.js?v=f4f8b016:17225
[    7418ms] [WARNING] performance warning: READ-usage buffer was written, then fenced, but written again before being read back. This discarded the shadow copy that was created to accelerate readback. @ http://localhost:5173/node_modules/.vite/deps/maplibre-gl.js?v=f4f8b016:17225
[    7586ms] [WARNING] performance warning: READ-usage buffer was written, then fenced, but written again before being read back. This discarded the shadow copy that was created to accelerate readback. @ http://localhost:5173/node_modules/.vite/deps/maplibre-gl.js?v=f4f8b016:17225
[    7752ms] [WARNING] performance warning: READ-usage buffer was written, then fenced, but written again before being read back. This discarded the shadow copy that was created to accelerate readback. @ http://localhost:5173/node_modules/.vite/deps/maplibre-gl.js?v=f4f8b016:17225
[    7918ms] [WARNING] performance warning: READ-usage buffer was written, then fenced, but written again before being read back. This discarded the shadow copy that was created to accelerate readback. @ http://localhost:5173/node_modules/.vite/deps/maplibre-gl.js?v=f4f8b016:17225
[    8086ms] [WARNING] performance warning: READ-usage buffer was written, then fenced, but written again before being read back. This discarded the shadow copy that was created to accelerate readback. @ http://localhost:5173/node_modules/.vite/deps/maplibre-gl.js?v=f4f8b016:17225
[    8253ms] [WARNING] performance warning: READ-usage buffer was written, then fenced, but written again before being read back. This discarded the shadow copy that was created to accelerate readback. @ http://localhost:5173/node_modules/.vite/deps/maplibre-gl.js?v=f4f8b016:17225
[    8420ms] [WARNING] performance warning: READ-usage buffer was written, then fenced, but written again before being read back. This discarded the shadow copy that was created to accelerate readback. @ http://localhost:5173/node_modules/.vite/deps/maplibre-gl.js?v=f4f8b016:17225
[    8586ms] [WARNING] performance warning: READ-usage buffer was written, then fenced, but written again before being read back. This discarded the shadow copy that was created to accelerate readback. @ http://localhost:5173/node_modules/.vite/deps/maplibre-gl.js?v=f4f8b016:17225
[    8752ms] [WARNING] performance warning: READ-usage buffer was written, then fenced, but written again before being read back. This discarded the shadow copy that was created to accelerate readback. @ http://localhost:5173/node_modules/.vite/deps/maplibre-gl.js?v=f4f8b016:17225
[    8919ms] [WARNING] performance warning: READ-usage buffer was written, then fenced, but written again before being read back. This discarded the shadow copy that was created to accelerate readback. @ http://localhost:5173/node_modules/.vite/deps/maplibre-gl.js?v=f4f8b016:17225
[    9088ms] [WARNING] performance warning: READ-usage buffer was written, then fenced, but written again before being read back. This discarded the shadow copy that was created to accelerate readback. @ http://localhost:5173/node_modules/.vite/deps/maplibre-gl.js?v=f4f8b016:17225
[    9253ms] [WARNING] performance warning: READ-usage buffer was written, then fenced, but written again before being read back. This discarded the shadow copy that was created to accelerate readback. @ http://localhost:5173/node_modules/.vite/deps/maplibre-gl.js?v=f4f8b016:17225
[    9420ms] [WARNING] performance warning: READ-usage buffer was written, then fenced, but written again before being read back. This discarded the shadow copy that was created to accelerate readback. @ http://localhost:5173/node_modules/.vite/deps/maplibre-gl.js?v=f4f8b016:17225
[    9586ms] [WARNING] performance warning: READ-usage buffer was written, then fenced, but written again before being read back. This discarded the shadow copy that was created to accelerate readback. @ http://localhost:5173/node_modules/.vite/deps/maplibre-gl.js?v=f4f8b016:17225
[    9753ms] [WARNING] performance warning: READ-usage buffer was written, then fenced, but written again before being read back. This discarded the shadow copy that was created to accelerate readback. @ http://localhost:5173/node_modules/.vite/deps/maplibre-gl.js?v=f4f8b016:17225
[    9919ms] [WARNING] performance warning: READ-usage buffer was written, then fenced, but written again before being read back. This discarded the shadow copy that was created to accelerate readback. @ http://localhost:5173/node_modules/.vite/deps/maplibre-gl.js?v=f4f8b016:17225
[   10086ms] [WARNING] performance warning: READ-usage buffer was written, then fenced, but written again before being read back. This discarded the shadow copy that was created to accelerate readback. @ http://localhost:5173/node_modules/.vite/deps/maplibre-gl.js?v=f4f8b016:17225
[   10253ms] [WARNING] performance warning: READ-usage buffer was written, then fenced, but written again before being read back. This discarded the shadow copy that was created to accelerate readback. @ http://localhost:5173/node_modules/.vite/deps/maplibre-gl.js?v=f4f8b016:17225
[   10420ms] [WARNING] performance warning: READ-usage buffer was written, then fenced, but written again before being read back. This discarded the shadow copy that was created to accelerate readback. @ http://localhost:5173/node_modules/.vite/deps/maplibre-gl.js?v=f4f8b016:17225
[   10587ms] [WARNING] performance warning: READ-usage buffer was written, then fenced, but written again before being read back. This discarded the shadow copy that was created to accelerate readback. @ http://localhost:5173/node_modules/.vite/deps/maplibre-gl.js?v=f4f8b016:17225
[   10753ms] [WARNING] performance warning: READ-usage buffer was written, then fenced, but written again before being read back. This discarded the shadow copy that was created to accelerate readback. @ http://localhost:5173/node_modules/.vite/deps/maplibre-gl.js?v=f4f8b016:17225
[   10920ms] [WARNING] performance warning: READ-usage buffer was written, then fenced, but written again before being read back. This discarded the shadow copy that was created to accelerate readback. @ http://localhost:5173/node_modules/.vite/deps/maplibre-gl.js?v=f4f8b016:17225
[   11088ms] [WARNING] performance warning: READ-usage buffer was written, then fenced, but written again before being read back. This discarded the shadow copy that was created to accelerate readback. @ http://localhost:5173/node_modules/.vite/deps/maplibre-gl.js?v=f4f8b016:17225
[   11254ms] [WARNING] performance warning: READ-usage buffer was written, then fenced, but written again before being read back. This discarded the shadow copy that was created to accelerate readback. @ http://localhost:5173/node_modules/.vite/deps/maplibre-gl.js?v=f4f8b016:17225
[   11420ms] [WARNING] performance warning: READ-usage buffer was written, then fenced, but written again before being read back. This discarded the shadow copy that was created to accelerate readback. @ http://localhost:5173/node_modules/.vite/deps/maplibre-gl.js?v=f4f8b016:17225
[   11588ms] [WARNING] performance warning: READ-usage buffer was written, then fenced, but written again before being read back. This discarded the shadow copy that was created to accelerate readback. @ http://localhost:5173/node_modules/.vite/deps/maplibre-gl.js?v=f4f8b016:17225
[   11754ms] [WARNING] performance warning: READ-usage buffer was written, then fenced, but written again before being read back. This discarded the shadow copy that was created to accelerate readback. @ http://localhost:5173/node_modules/.vite/deps/maplibre-gl.js?v=f4f8b016:17225
[   11920ms] [WARNING] performance warning: READ-usage buffer was written, then fenced, but written again before being read back. This discarded the shadow copy that was created to accelerate readback. @ http://localhost:5173/node_modules/.vite/deps/maplibre-gl.js?v=f4f8b016:17225
[   12088ms] [WARNING] performance warning: READ-usage buffer was written, then fenced, but written again before being read back. This discarded the shadow copy that was created to accelerate readback. @ http://localhost:5173/node_modules/.vite/deps/maplibre-gl.js?v=f4f8b016:17225
[   12255ms] [WARNING] performance warning: READ-usage buffer was written, then fenced, but written again before being read back. This discarded the shadow copy that was created to accelerate readback. @ http://localhost:5173/node_modules/.vite/deps/maplibre-gl.js?v=f4f8b016:17225
[   12420ms] [WARNING] performance warning: READ-usage buffer was written, then fenced, but written again before being read back. This discarded the shadow copy that was created to accelerate readback. @ http://localhost:5173/node_modules/.vite/deps/maplibre-gl.js?v=f4f8b016:17225
[   12587ms] [WARNING] performance warning: READ-usage buffer was written, then fenced, but written again before being read back. This discarded the shadow copy that was created to accelerate readback. @ http://localhost:5173/node_modules/.vite/deps/maplibre-gl.js?v=f4f8b016:17225
[   12755ms] [WARNING] performance warning: READ-usage buffer was written, then fenced, but written again before being read back. This discarded the shadow copy that was created to accelerate readback. @ http://localhost:5173/node_modules/.vite/deps/maplibre-gl.js?v=f4f8b016:17225
[   12921ms] [WARNING] performance warning: READ-usage buffer was written, then fenced, but written again before being read back. This discarded the shadow copy that was created to accelerate readback. @ http://localhost:5173/node_modules/.vite/deps/maplibre-gl.js?v=f4f8b016:17225
[   13088ms] [WARNING] performance warning: READ-usage buffer was written, then fenced, but written again before being read back. This discarded the shadow copy that was created to accelerate readback. @ http://localhost:5173/node_modules/.vite/deps/maplibre-gl.js?v=f4f8b016:17225
[   13255ms] [WARNING] performance warning: READ-usage buffer was written, then fenced, but written again before being read back. This discarded the shadow copy that was created to accelerate readback. @ http://localhost:5173/node_modules/.vite/deps/maplibre-gl.js?v=f4f8b016:17225
[   13421ms] [WARNING] performance warning: READ-usage buffer was written, then fenced, but written again before being read back. This discarded the shadow copy that was created to accelerate readback. @ http://localhost:5173/node_modules/.vite/deps/maplibre-gl.js?v=f4f8b016:17225
[   13588ms] [WARNING] performance warning: READ-usage buffer was written, then fenced, but written again before being read back. This discarded the shadow copy that was created to accelerate readback. @ http://localhost:5173/node_modules/.vite/deps/maplibre-gl.js?v=f4f8b016:17225
[   13754ms] [WARNING] performance warning: READ-usage buffer was written, then fenced, but written again before being read back. This discarded the shadow copy that was created to accelerate readback. @ http://localhost:5173/node_modules/.vite/deps/maplibre-gl.js?v=f4f8b016:17225
[   13921ms] [WARNING] performance warning: READ-usage buffer was written, then fenced, but written again before being read back. This discarded the shadow copy that was created to accelerate readback. @ http://localhost:5173/node_modules/.vite/deps/maplibre-gl.js?v=f4f8b016:17225
[   14088ms] [WARNING] performance warning: READ-usage buffer was written, then fenced, but written again before being read back. This discarded the shadow copy that was created to accelerate readback. @ http://localhost:5173/node_modules/.vite/deps/maplibre-gl.js?v=f4f8b016:17225
[   14255ms] [WARNING] performance warning: READ-usage buffer was written, then fenced, but written again before being read back. This discarded the shadow copy that was created to accelerate readback. @ http://localhost:5173/node_modules/.vite/deps/maplibre-gl.js?v=f4f8b016:17225
[   14421ms] [WARNING] performance warning: READ-usage buffer was written, then fenced, but written again before being read back. This discarded the shadow copy that was created to accelerate readback. @ http://localhost:5173/node_modules/.vite/deps/maplibre-gl.js?v=f4f8b016:17225
[   14589ms] [WARNING] performance warning: READ-usage buffer was written, then fenced, but written again before being read back. This discarded the shadow copy that was created to accelerate readback. @ http://localhost:5173/node_modules/.vite/deps/maplibre-gl.js?v=f4f8b016:17225
[   14755ms] [WARNING] performance warning: READ-usage buffer was written, then fenced, but written again before being read back. This discarded the shadow copy that was created to accelerate readback. @ http://localhost:5173/node_modules/.vite/deps/maplibre-gl.js?v=f4f8b016:17225
[   14922ms] [WARNING] performance warning: READ-usage buffer was written, then fenced, but written again before being read back. This discarded the shadow copy that was created to accelerate readback. @ http://localhost:5173/node_modules/.vite/deps/maplibre-gl.js?v=f4f8b016:17225
[   15088ms] [WARNING] performance warning: READ-usage buffer was written, then fenced, but written again before being read back. This discarded the shadow copy that was created to accelerate readback. @ http://localhost:5173/node_modules/.vite/deps/maplibre-gl.js?v=f4f8b016:17225
[   15256ms] [WARNING] performance warning: READ-usage buffer was written, then fenced, but written again before being read back. This discarded the shadow copy that was created to accelerate readback. @ http://localhost:5173/node_modules/.vite/deps/maplibre-gl.js?v=f4f8b016:17225
[   15422ms] [WARNING] performance warning: READ-usage buffer was written, then fenced, but written again before being read back. This discarded the shadow copy that was created to accelerate readback. @ http://localhost:5173/node_modules/.vite/deps/maplibre-gl.js?v=f4f8b016:17225
[   15589ms] [WARNING] performance warning: READ-usage buffer was written, then fenced, but written again before being read back. This discarded the shadow copy that was created to accelerate readback. @ http://localhost:5173/node_modules/.vite/deps/maplibre-gl.js?v=f4f8b016:17225
[   15756ms] [WARNING] performance warning: READ-usage buffer was written, then fenced, but written again before being read back. This discarded the shadow copy that was created to accelerate readback. @ http://localhost:5173/node_modules/.vite/deps/maplibre-gl.js?v=f4f8b016:17225
[   15923ms] [WARNING] performance warning: READ-usage buffer was written, then fenced, but written again before being read back. This discarded the shadow copy that was created to accelerate readback. @ http://localhost:5173/node_modules/.vite/deps/maplibre-gl.js?v=f4f8b016:17225
[   16089ms] [WARNING] performance warning: READ-usage buffer was written, then fenced, but written again before being read back. This discarded the shadow copy that was created to accelerate readback. @ http://localhost:5173/node_modules/.vite/deps/maplibre-gl.js?v=f4f8b016:17225
[   16256ms] [WARNING] performance warning: READ-usage buffer was written, then fenced, but written again before being read back. This discarded the shadow copy that was created to accelerate readback. @ http://localhost:5173/node_modules/.vite/deps/maplibre-gl.js?v=f4f8b016:17225
[   16422ms] [WARNING] performance warning: READ-usage buffer was written, then fenced, but written again before being read back. This discarded the shadow copy that was created to accelerate readback. @ http://localhost:5173/node_modules/.vite/deps/maplibre-gl.js?v=f4f8b016:17225
[   16589ms] [WARNING] performance warning: READ-usage buffer was written, then fenced, but written again before being read back. This discarded the shadow copy that was created to accelerate readback. @ http://localhost:5173/node_modules/.vite/deps/maplibre-gl.js?v=f4f8b016:17225
[   16756ms] [WARNING] performance warning: READ-usage buffer was written, then fenced, but written again before being read back. This discarded the shadow copy that was created to accelerate readback. @ http://localhost:5173/node_modules/.vite/deps/maplibre-gl.js?v=f4f8b016:17225
[   16922ms] [WARNING] performance warning: READ-usage buffer was written, then fenced, but written again before being read back. This discarded the shadow copy that was created to accelerate readback. @ http://localhost:5173/node_modules/.vite/deps/maplibre-gl.js?v=f4f8b016:17225
[   17089ms] [WARNING] performance warning: READ-usage buffer was written, then fenced, but written again before being read back. This discarded the shadow copy that was created to accelerate readback. @ http://localhost:5173/node_modules/.vite/deps/maplibre-gl.js?v=f4f8b016:17225
[   17256ms] [WARNING] performance warning: READ-usage buffer was written, then fenced, but written again before being read back. This discarded the shadow copy that was created to accelerate readback. @ http://localhost:5173/node_modules/.vite/deps/maplibre-gl.js?v=f4f8b016:17225
[   17422ms] [WARNING] performance warning: READ-usage buffer was written, then fenced, but written again before being read back. This discarded the shadow copy that was created to accelerate readback. @ http://localhost:5173/node_modules/.vite/deps/maplibre-gl.js?v=f4f8b016:17225
[   17590ms] [WARNING] performance warning: READ-usage buffer was written, then fenced, but written again before being read back. This discarded the shadow copy that was created to accelerate readback. @ http://localhost:5173/node_modules/.vite/deps/maplibre-gl.js?v=f4f8b016:17225
[   17756ms] [WARNING] performance warning: READ-usage buffer was written, then fenced, but written again before being read back. This discarded the shadow copy that was created to accelerate readback. @ http://localhost:5173/node_modules/.vite/deps/maplibre-gl.js?v=f4f8b016:17225
[   17923ms] [WARNING] performance warning: READ-usage buffer was written, then fenced, but written again before being read back. This discarded the shadow copy that was created to accelerate readback. @ http://localhost:5173/node_modules/.vite/deps/maplibre-gl.js?v=f4f8b016:17225
[   18092ms] [WARNING] performance warning: READ-usage buffer was written, then fenced, but written again before being read back. This discarded the shadow copy that was created to accelerate readback. @ http://localhost:5173/node_modules/.vite/deps/maplibre-gl.js?v=f4f8b016:17225
[   18258ms] [WARNING] performance warning: READ-usage buffer was written, then fenced, but written again before being read back. This discarded the shadow copy that was created to accelerate readback. @ http://localhost:5173/node_modules/.vite/deps/maplibre-gl.js?v=f4f8b016:17225
[   18423ms] [WARNING] performance warning: READ-usage buffer was written, then fenced, but written again before being read back. This discarded the shadow copy that was created to accelerate readback. @ http://localhost:5173/node_modules/.vite/deps/maplibre-gl.js?v=f4f8b016:17225
[   18590ms] [WARNING] performance warning: READ-usage buffer was written, then fenced, but written again before being read back. This discarded the shadow copy that was created to accelerate readback. @ http://localhost:5173/node_modules/.vite/deps/maplibre-gl.js?v=f4f8b016:17225
[   18757ms] [WARNING] performance warning: READ-usage buffer was written, then fenced, but written again before being read back. This discarded the shadow copy that was created to accelerate readback. @ http://localhost:5173/node_modules/.vite/deps/maplibre-gl.js?v=f4f8b016:17225
[   18924ms] [WARNING] performance warning: READ-usage buffer was written, then fenced, but written again before being read back. This discarded the shadow copy that was created to accelerate readback. @ http://localhost:5173/node_modules/.vite/deps/maplibre-gl.js?v=f4f8b016:17225
[   19091ms] [WARNING] performance warning: READ-usage buffer was written, then fenced, but written again before being read back. This discarded the shadow copy that was created to accelerate readback. @ http://localhost:5173/node_modules/.vite/deps/maplibre-gl.js?v=f4f8b016:17225
[   19257ms] [WARNING] performance warning: READ-usage buffer was written, then fenced, but written again before being read back. This discarded the shadow copy that was created to accelerate readback. @ http://localhost:5173/node_modules/.vite/deps/maplibre-gl.js?v=f4f8b016:17225
[   19424ms] [WARNING] performance warning: READ-usage buffer was written, then fenced, but written again before being read back. This discarded the shadow copy that was created to accelerate readback. @ http://localhost:5173/node_modules/.vite/deps/maplibre-gl.js?v=f4f8b016:17225
[   19591ms] [WARNING] performance warning: READ-usage buffer was written, then fenced, but written again before being read back. This discarded the shadow copy that was created to accelerate readback. @ http://localhost:5173/node_modules/.vite/deps/maplibre-gl.js?v=f4f8b016:17225
[   19757ms] [WARNING] performance warning: READ-usage buffer was written, then fenced, but written again before being read back. This discarded the shadow copy that was created to accelerate readback. @ http://localhost:5173/node_modules/.vite/deps/maplibre-gl.js?v=f4f8b016:17225
[   19924ms] [WARNING] performance warning: READ-usage buffer was written, then fenced, but written again before being read back. This discarded the shadow copy that was created to accelerate readback. @ http://localhost:5173/node_modules/.vite/deps/maplibre-gl.js?v=f4f8b016:17225
[   20091ms] [WARNING] performance warning: READ-usage buffer was written, then fenced, but written again before being read back. This discarded the shadow copy that was created to accelerate readback. @ http://localhost:5173/node_modules/.vite/deps/maplibre-gl.js?v=f4f8b016:17225
[   20258ms] [WARNING] performance warning: READ-usage buffer was written, then fenced, but written again before being read back. This discarded the shadow copy that was created to accelerate readback. @ http://localhost:5173/node_modules/.vite/deps/maplibre-gl.js?v=f4f8b016:17225
[   20424ms] [WARNING] performance warning: READ-usage buffer was written, then fenced, but written again before being read back. This discarded the shadow copy that was created to accelerate readback. @ http://localhost:5173/node_modules/.vite/deps/maplibre-gl.js?v=f4f8b016:17225
[   20591ms] [WARNING] performance warning: READ-usage buffer was written, then fenced, but written again before being read back. This discarded the shadow copy that was created to accelerate readback. @ http://localhost:5173/node_modules/.vite/deps/maplibre-gl.js?v=f4f8b016:17225
[   20758ms] [WARNING] performance warning: READ-usage buffer was written, then fenced, but written again before being read back. This discarded the shadow copy that was created to accelerate readback. @ http://localhost:5173/node_modules/.vite/deps/maplibre-gl.js?v=f4f8b016:17225
[   20926ms] [WARNING] performance warning: READ-usage buffer was written, then fenced, but written again before being read back. This discarded the shadow copy that was created to accelerate readback. @ http://localhost:5173/node_modules/.vite/deps/maplibre-gl.js?v=f4f8b016:17225
[   21092ms] [WARNING] performance warning: READ-usage buffer was written, then fenced, but written again before being read back. This discarded the shadow copy that was created to accelerate readback. @ http://localhost:5173/node_modules/.vite/deps/maplibre-gl.js?v=f4f8b016:17225
[   21258ms] [WARNING] performance warning: READ-usage buffer was written, then fenced, but written again before being read back. This discarded the shadow copy that was created to accelerate readback. @ http://localhost:5173/node_modules/.vite/deps/maplibre-gl.js?v=f4f8b016:17225
[   21425ms] [WARNING] performance warning: READ-usage buffer was written, then fenced, but written again before being read back. This discarded the shadow copy that was created to accelerate readback. @ http://localhost:5173/node_modules/.vite/deps/maplibre-gl.js?v=f4f8b016:17225
[   21593ms] [WARNING] performance warning: READ-usage buffer was written, then fenced, but written again before being read back. This discarded the shadow copy that was created to accelerate readback. @ http://localhost:5173/node_modules/.vite/deps/maplibre-gl.js?v=f4f8b016:17225
[   21759ms] [WARNING] performance warning: READ-usage buffer was written, then fenced, but written again before being read back. This discarded the shadow copy that was created to accelerate readback. @ http://localhost:5173/node_modules/.vite/deps/maplibre-gl.js?v=f4f8b016:17225
[   21925ms] [WARNING] performance warning: READ-usage buffer was written, then fenced, but written again before being read back. This discarded the shadow copy that was created to accelerate readback. @ http://localhost:5173/node_modules/.vite/deps/maplibre-gl.js?v=f4f8b016:17225
[   22092ms] [WARNING] performance warning: READ-usage buffer was written, then fenced, but written again before being read back. This discarded the shadow copy that was created to accelerate readback. @ http://localhost:5173/node_modules/.vite/deps/maplibre-gl.js?v=f4f8b016:17225
[   22259ms] [WARNING] performance warning: READ-usage buffer was written, then fenced, but written again before being read back. This discarded the shadow copy that was created to accelerate readback. @ http://localhost:5173/node_modules/.vite/deps/maplibre-gl.js?v=f4f8b016:17225
[   22425ms] [WARNING] performance warning: READ-usage buffer was written, then fenced, but written again before being read back. This discarded the shadow copy that was created to accelerate readback. @ http://localhost:5173/node_modules/.vite/deps/maplibre-gl.js?v=f4f8b016:17225
[   22592ms] [WARNING] performance warning: READ-usage buffer was written, then fenced, but written again before being read back. This discarded the shadow copy that was created to accelerate readback. @ http://localhost:5173/node_modules/.vite/deps/maplibre-gl.js?v=f4f8b016:17225
[   22758ms] [WARNING] performance warning: READ-usage buffer was written, then fenced, but written again before being read back. This discarded the shadow copy that was created to accelerate readback. @ http://localhost:5173/node_modules/.vite/deps/maplibre-gl.js?v=f4f8b016:17225
[   22926ms] [WARNING] performance warning: READ-usage buffer was written, then fenced, but written again before being read back. This discarded the shadow copy that was created to accelerate readback. @ http://localhost:5173/node_modules/.vite/deps/maplibre-gl.js?v=f4f8b016:17225
[   23093ms] [WARNING] performance warning: READ-usage buffer was written, then fenced, but written again before being read back. This discarded the shadow copy that was created to accelerate readback. @ http://localhost:5173/node_modules/.vite/deps/maplibre-gl.js?v=f4f8b016:17225
[   23259ms] [WARNING] performance warning: READ-usage buffer was written, then fenced, but written again before being read back. This discarded the shadow copy that was created to accelerate readback. @ http://localhost:5173/node_modules/.vite/deps/maplibre-gl.js?v=f4f8b016:17225
[   23425ms] [WARNING] performance warning: READ-usage buffer was written, then fenced, but written again before being read back. This discarded the shadow copy that was created to accelerate readback. @ http://localhost:5173/node_modules/.vite/deps/maplibre-gl.js?v=f4f8b016:17225
[   23592ms] [WARNING] performance warning: READ-usage buffer was written, then fenced, but written again before being read back. This discarded the shadow copy that was created to accelerate readback. @ http://localhost:5173/node_modules/.vite/deps/maplibre-gl.js?v=f4f8b016:17225
[   23759ms] [WARNING] performance warning: READ-usage buffer was written, then fenced, but written again before being read back. This discarded the shadow copy that was created to accelerate readback. @ http://localhost:5173/node_modules/.vite/deps/maplibre-gl.js?v=f4f8b016:17225
[   23926ms] [WARNING] performance warning: READ-usage buffer was written, then fenced, but written again before being read back. This discarded the shadow copy that was created to accelerate readback. @ http://localhost:5173/node_modules/.vite/deps/maplibre-gl.js?v=f4f8b016:17225
[   24094ms] [WARNING] performance warning: READ-usage buffer was written, then fenced, but written again before being read back. This discarded the shadow copy that was created to accelerate readback. @ http://localhost:5173/node_modules/.vite/deps/maplibre-gl.js?v=f4f8b016:17225
[   24260ms] [WARNING] performance warning: READ-usage buffer was written, then fenced, but written again before being read back. This discarded the shadow copy that was created to accelerate readback. @ http://localhost:5173/node_modules/.vite/deps/maplibre-gl.js?v=f4f8b016:17225
[   24426ms] [WARNING] performance warning: READ-usage buffer was written, then fenced, but written again before being read back. This discarded the shadow copy that was created to accelerate readback. @ http://localhost:5173/node_modules/.vite/deps/maplibre-gl.js?v=f4f8b016:17225
[   24593ms] [WARNING] performance warning: READ-usage buffer was written, then fenced, but written again before being read back. This discarded the shadow copy that was created to accelerate readback. @ http://localhost:5173/node_modules/.vite/deps/maplibre-gl.js?v=f4f8b016:17225
[   24760ms] [WARNING] performance warning: READ-usage buffer was written, then fenced, but written again before being read back. This discarded the shadow copy that was created to accelerate readback. @ http://localhost:5173/node_modules/.vite/deps/maplibre-gl.js?v=f4f8b016:17225
[   24926ms] [WARNING] performance warning: READ-usage buffer was written, then fenced, but written again before being read back. This discarded the shadow copy that was created to accelerate readback. @ http://localhost:5173/node_modules/.vite/deps/maplibre-gl.js?v=f4f8b016:17225
[   25093ms] [WARNING] performance warning: READ-usage buffer was written, then fenced, but written again before being read back. This discarded the shadow copy that was created to accelerate readback. @ http://localhost:5173/node_modules/.vite/deps/maplibre-gl.js?v=f4f8b016:17225
[   25260ms] [WARNING] performance warning: READ-usage buffer was written, then fenced, but written again before being read back. This discarded the shadow copy that was created to accelerate readback. @ http://localhost:5173/node_modules/.vite/deps/maplibre-gl.js?v=f4f8b016:17225
[   25427ms] [WARNING] performance warning: READ-usage buffer was written, then fenced, but written again before being read back. This discarded the shadow copy that was created to accelerate readback. @ http://localhost:5173/node_modules/.vite/deps/maplibre-gl.js?v=f4f8b016:17225
[   25593ms] [WARNING] performance warning: READ-usage buffer was written, then fenced, but written again before being read back. This discarded the shadow copy that was created to accelerate readback. @ http://localhost:5173/node_modules/.vite/deps/maplibre-gl.js?v=f4f8b016:17225
[   25760ms] [WARNING] performance warning: READ-usage buffer was written, then fenced, but written again before being read back. This discarded the shadow copy that was created to accelerate readback. @ http://localhost:5173/node_modules/.vite/deps/maplibre-gl.js?v=f4f8b016:17225
[   25927ms] [WARNING] performance warning: READ-usage buffer was written, then fenced, but written again before being read back. This discarded the shadow copy that was created to accelerate readback. @ http://localhost:5173/node_modules/.vite/deps/maplibre-gl.js?v=f4f8b016:17225
[   26094ms] [WARNING] performance warning: READ-usage buffer was written, then fenced, but written again before being read back. This discarded the shadow copy that was created to accelerate readback. @ http://localhost:5173/node_modules/.vite/deps/maplibre-gl.js?v=f4f8b016:17225
[   26260ms] [WARNING] performance warning: READ-usage buffer was written, then fenced, but written again before being read back. This discarded the shadow copy that was created to accelerate readback. @ http://localhost:5173/node_modules/.vite/deps/maplibre-gl.js?v=f4f8b016:17225
[   26427ms] [WARNING] performance warning: READ-usage buffer was written, then fenced, but written again before being read back. This discarded the shadow copy that was created to accelerate readback. @ http://localhost:5173/node_modules/.vite/deps/maplibre-gl.js?v=f4f8b016:17225
[   26594ms] [WARNING] performance warning: READ-usage buffer was written, then fenced, but written again before being read back. This discarded the shadow copy that was created to accelerate readback. @ http://localhost:5173/node_modules/.vite/deps/maplibre-gl.js?v=f4f8b016:17225
[   26763ms] [WARNING] performance warning: READ-usage buffer was written, then fenced, but written again before being read back. This discarded the shadow copy that was created to accelerate readback. @ http://localhost:5173/node_modules/.vite/deps/maplibre-gl.js?v=f4f8b016:17225
[   26929ms] [WARNING] performance warning: READ-usage buffer was written, then fenced, but written again before being read back. This discarded the shadow copy that was created to accelerate readback. @ http://localhost:5173/node_modules/.vite/deps/maplibre-gl.js?v=f4f8b016:17225
[   27094ms] [WARNING] performance warning: READ-usage buffer was written, then fenced, but written again before being read back. This discarded the shadow copy that was created to accelerate readback. @ http://localhost:5173/node_modules/.vite/deps/maplibre-gl.js?v=f4f8b016:17225
[   27261ms] [WARNING] performance warning: READ-usage buffer was written, then fenced, but written again before being read back. This discarded the shadow copy that was created to accelerate readback. @ http://localhost:5173/node_modules/.vite/deps/maplibre-gl.js?v=f4f8b016:17225
[   27428ms] [WARNING] performance warning: READ-usage buffer was written, then fenced, but written again before being read back. This discarded the shadow copy that was created to accelerate readback. @ http://localhost:5173/node_modules/.vite/deps/maplibre-gl.js?v=f4f8b016:17225
[   27595ms] [WARNING] performance warning: READ-usage buffer was written, then fenced, but written again before being read back. This discarded the shadow copy that was created to accelerate readback. @ http://localhost:5173/node_modules/.vite/deps/maplibre-gl.js?v=f4f8b016:17225
[   27761ms] [WARNING] performance warning: READ-usage buffer was written, then fenced, but written again before being read back. This discarded the shadow copy that was created to accelerate readback. @ http://localhost:5173/node_modules/.vite/deps/maplibre-gl.js?v=f4f8b016:17225
[   28162ms] [WARNING] performance warning: READ-usage buffer was written, then fenced, but written again before being read back. This discarded the shadow copy that was created to accelerate readback. @ http://localhost:5173/node_modules/.vite/deps/maplibre-gl.js?v=f4f8b016:17225
[   28329ms] [WARNING] performance warning: READ-usage buffer was written, then fenced, but written again before being read back. This discarded the shadow copy that was created to accelerate readback. @ http://localhost:5173/node_modules/.vite/deps/maplibre-gl.js?v=f4f8b016:17225
[   28512ms] [WARNING] performance warning: READ-usage buffer was written, then fenced, but written again before being read back. This discarded the shadow copy that was created to accelerate readback. @ http://localhost:5173/node_modules/.vite/deps/maplibre-gl.js?v=f4f8b016:17225
[   28679ms] [WARNING] performance warning: READ-usage buffer was written, then fenced, but written again before being read back. This discarded the shadow copy that was created to accelerate readback. @ http://localhost:5173/node_modules/.vite/deps/maplibre-gl.js?v=f4f8b016:17225
[   28846ms] [WARNING] performance warning: READ-usage buffer was written, then fenced, but written again before being read back. This discarded the shadow copy that was created to accelerate readback. @ http://localhost:5173/node_modules/.vite/deps/maplibre-gl.js?v=f4f8b016:17225
[   29012ms] [WARNING] performance warning: READ-usage buffer was written, then fenced, but written again before being read back. This discarded the shadow copy that was created to accelerate readback. @ http://localhost:5173/node_modules/.vite/deps/maplibre-gl.js?v=f4f8b016:17225
[   29181ms] [WARNING] performance warning: READ-usage buffer was written, then fenced, but written again before being read back. This discarded the shadow copy that was created to accelerate readback. @ http://localhost:5173/node_modules/.vite/deps/maplibre-gl.js?v=f4f8b016:17225
[   29347ms] [WARNING] performance warning: READ-usage buffer was written, then fenced, but written again before being read back. This discarded the shadow copy that was created to accelerate readback. @ http://localhost:5173/node_modules/.vite/deps/maplibre-gl.js?v=f4f8b016:17225
[   29514ms] [WARNING] performance warning: READ-usage buffer was written, then fenced, but written again before being read back. This discarded the shadow copy that was created to accelerate readback. @ http://localhost:5173/node_modules/.vite/deps/maplibre-gl.js?v=f4f8b016:17225
[   29680ms] [WARNING] performance warning: READ-usage buffer was written, then fenced, but written again before being read back. This discarded the shadow copy that was created to accelerate readback. @ http://localhost:5173/node_modules/.vite/deps/maplibre-gl.js?v=f4f8b016:17225
[   29847ms] [WARNING] performance warning: READ-usage buffer was written, then fenced, but written again before being read back. This discarded the shadow copy that was created to accelerate readback. @ http://localhost:5173/node_modules/.vite/deps/maplibre-gl.js?v=f4f8b016:17225
[   30013ms] [WARNING] performance warning: READ-usage buffer was written, then fenced, but written again before being read back. This discarded the shadow copy that was created to accelerate readback. @ http://localhost:5173/node_modules/.vite/deps/maplibre-gl.js?v=f4f8b016:17225
[   30180ms] [WARNING] performance warning: READ-usage buffer was written, then fenced, but written again before being read back. This discarded the shadow copy that was created to accelerate readback. @ http://localhost:5173/node_modules/.vite/deps/maplibre-gl.js?v=f4f8b016:17225
[   30347ms] [WARNING] performance warning: READ-usage buffer was written, then fenced, but written again before being read back. This discarded the shadow copy that was created to accelerate readback. @ http://localhost:5173/node_modules/.vite/deps/maplibre-gl.js?v=f4f8b016:17225
[   30513ms] [WARNING] performance warning: READ-usage buffer was written, then fenced, but written again before being read back. This discarded the shadow copy that was created to accelerate readback. @ http://localhost:5173/node_modules/.vite/deps/maplibre-gl.js?v=f4f8b016:17225
[   30681ms] [WARNING] performance warning: READ-usage buffer was written, then fenced, but written again before being read back. This discarded the shadow copy that was created to accelerate readback. @ http://localhost:5173/node_modules/.vite/deps/maplibre-gl.js?v=f4f8b016:17225
[   30848ms] [WARNING] performance warning: READ-usage buffer was written, then fenced, but written again before being read back. This discarded the shadow copy that was created to accelerate readback. @ http://localhost:5173/node_modules/.vite/deps/maplibre-gl.js?v=f4f8b016:17225
[   31014ms] [WARNING] performance warning: READ-usage buffer was written, then fenced, but written again before being read back. This discarded the shadow copy that was created to accelerate readback. @ http://localhost:5173/node_modules/.vite/deps/maplibre-gl.js?v=f4f8b016:17225
[   31181ms] [WARNING] performance warning: READ-usage buffer was written, then fenced, but written again before being read back. This discarded the shadow copy that was created to accelerate readback. @ http://localhost:5173/node_modules/.vite/deps/maplibre-gl.js?v=f4f8b016:17225
[   31347ms] [WARNING] performance warning: READ-usage buffer was written, then fenced, but written again before being read back. This discarded the shadow copy that was created to accelerate readback. @ http://localhost:5173/node_modules/.vite/deps/maplibre-gl.js?v=f4f8b016:17225
[   31514ms] [WARNING] performance warning: READ-usage buffer was written, then fenced, but written again before being read back. This discarded the shadow copy that was created to accelerate readback. @ http://localhost:5173/node_modules/.vite/deps/maplibre-gl.js?v=f4f8b016:17225
[   31681ms] [WARNING] performance warning: READ-usage buffer was written, then fenced, but written again before being read back. This discarded the shadow copy that was created to accelerate readback. @ http://localhost:5173/node_modules/.vite/deps/maplibre-gl.js?v=f4f8b016:17225
[   31848ms] [WARNING] performance warning: READ-usage buffer was written, then fenced, but written again before being read back. This discarded the shadow copy that was created to accelerate readback. @ http://localhost:5173/node_modules/.vite/deps/maplibre-gl.js?v=f4f8b016:17225
[   32015ms] [WARNING] performance warning: READ-usage buffer was written, then fenced, but written again before being read back. This discarded the shadow copy that was created to accelerate readback. @ http://localhost:5173/node_modules/.vite/deps/maplibre-gl.js?v=f4f8b016:17225
[   32181ms] [WARNING] performance warning: READ-usage buffer was written, then fenced, but written again before being read back. This discarded the shadow copy that was created to accelerate readback. @ http://localhost:5173/node_modules/.vite/deps/maplibre-gl.js?v=f4f8b016:17225
[   32348ms] [WARNING] performance warning: READ-usage buffer was written, then fenced, but written again before being read back. This discarded the shadow copy that was created to accelerate readback. @ http://localhost:5173/node_modules/.vite/deps/maplibre-gl.js?v=f4f8b016:17225
[   32514ms] [WARNING] performance warning: READ-usage buffer was written, then fenced, but written again before being read back. This discarded the shadow copy that was created to accelerate readback. @ http://localhost:5173/node_modules/.vite/deps/maplibre-gl.js?v=f4f8b016:17225
[   32681ms] [WARNING] performance warning: READ-usage buffer was written, then fenced, but written again before being read back. This discarded the shadow copy that was created to accelerate readback. @ http://localhost:5173/node_modules/.vite/deps/maplibre-gl.js?v=f4f8b016:17225
[   32849ms] [WARNING] performance warning: READ-usage buffer was written, then fenced, but written again before being read back. This discarded the shadow copy that was created to accelerate readback. @ http://localhost:5173/node_modules/.vite/deps/maplibre-gl.js?v=f4f8b016:17225
[   33015ms] [WARNING] performance warning: READ-usage buffer was written, then fenced, but written again before being read back. This discarded the shadow copy that was created to accelerate readback. @ http://localhost:5173/node_modules/.vite/deps/maplibre-gl.js?v=f4f8b016:17225
[   33182ms] [WARNING] performance warning: READ-usage buffer was written, then fenced, but written again before being read back. This discarded the shadow copy that was created to accelerate readback. @ http://localhost:5173/node_modules/.vite/deps/maplibre-gl.js?v=f4f8b016:17225
[   33348ms] [WARNING] performance warning: READ-usage buffer was written, then fenced, but written again before being read back. This discarded the shadow copy that was created to accelerate readback. @ http://localhost:5173/node_modules/.vite/deps/maplibre-gl.js?v=f4f8b016:17225
[   33515ms] [WARNING] performance warning: READ-usage buffer was written, then fenced, but written again before being read back. This discarded the shadow copy that was created to accelerate readback. @ http://localhost:5173/node_modules/.vite/deps/maplibre-gl.js?v=f4f8b016:17225
[   33683ms] [WARNING] performance warning: READ-usage buffer was written, then fenced, but written again before being read back. This discarded the shadow copy that was created to accelerate readback. @ http://localhost:5173/node_modules/.vite/deps/maplibre-gl.js?v=f4f8b016:17225
[   33850ms] [WARNING] performance warning: READ-usage buffer was written, then fenced, but written again before being read back. This discarded the shadow copy that was created to accelerate readback. @ http://localhost:5173/node_modules/.vite/deps/maplibre-gl.js?v=f4f8b016:17225
[   34014ms] [WARNING] performance warning: READ-usage buffer was written, then fenced, but written again before being read back. This discarded the shadow copy that was created to accelerate readback. @ http://localhost:5173/node_modules/.vite/deps/maplibre-gl.js?v=f4f8b016:17225
[   34181ms] [WARNING] performance warning: READ-usage buffer was written, then fenced, but written again before being read back. This discarded the shadow copy that was created to accelerate readback. @ http://localhost:5173/node_modules/.vite/deps/maplibre-gl.js?v=f4f8b016:17225
[   34348ms] [WARNING] performance warning: READ-usage buffer was written, then fenced, but written again before being read back. This discarded the shadow copy that was created to accelerate readback. @ http://localhost:5173/node_modules/.vite/deps/maplibre-gl.js?v=f4f8b016:17225
[   34516ms] [WARNING] performance warning: READ-usage buffer was written, then fenced, but written again before being read back. This discarded the shadow copy that was created to accelerate readback. @ http://localhost:5173/node_modules/.vite/deps/maplibre-gl.js?v=f4f8b016:17225
[   34683ms] [WARNING] performance warning: READ-usage buffer was written, then fenced, but written again before being read back. This discarded the shadow copy that was created to accelerate readback. @ http://localhost:5173/node_modules/.vite/deps/maplibre-gl.js?v=f4f8b016:17225
[   34848ms] [WARNING] performance warning: READ-usage buffer was written, then fenced, but written again before being read back. This discarded the shadow copy that was created to accelerate readback. @ http://localhost:5173/node_modules/.vite/deps/maplibre-gl.js?v=f4f8b016:17225
[   35016ms] [WARNING] performance warning: READ-usage buffer was written, then fenced, but written again before being read back. This discarded the shadow copy that was created to accelerate readback. @ http://localhost:5173/node_modules/.vite/deps/maplibre-gl.js?v=f4f8b016:17225
[   35181ms] [WARNING] performance warning: READ-usage buffer was written, then fenced, but written again before being read back. This discarded the shadow copy that was created to accelerate readback. @ http://localhost:5173/node_modules/.vite/deps/maplibre-gl.js?v=f4f8b016:17225
[   35348ms] [WARNING] performance warning: READ-usage buffer was written, then fenced, but written again before being read back. This discarded the shadow copy that was created to accelerate readback. @ http://localhost:5173/node_modules/.vite/deps/maplibre-gl.js?v=f4f8b016:17225
[   35515ms] [WARNING] performance warning: READ-usage buffer was written, then fenced, but written again before being read back. This discarded the shadow copy that was created to accelerate readback. @ http://localhost:5173/node_modules/.vite/deps/maplibre-gl.js?v=f4f8b016:17225
[   35683ms] [WARNING] performance warning: READ-usage buffer was written, then fenced, but written again before being read back. This discarded the shadow copy that was created to accelerate readback. @ http://localhost:5173/node_modules/.vite/deps/maplibre-gl.js?v=f4f8b016:17225
[   35850ms] [WARNING] performance warning: READ-usage buffer was written, then fenced, but written again before being read back. This discarded the shadow copy that was created to accelerate readback. @ http://localhost:5173/node_modules/.vite/deps/maplibre-gl.js?v=f4f8b016:17225
[   36149ms] [WARNING] performance warning: READ-usage buffer was written, then fenced, but written again before being read back. This discarded the shadow copy that was created to accelerate readback. @ http://localhost:5173/node_modules/.vite/deps/maplibre-gl.js?v=f4f8b016:17225
[   36315ms] [WARNING] performance warning: READ-usage buffer was written, then fenced, but written again before being read back. This discarded the shadow copy that was created to accelerate readback. @ http://localhost:5173/node_modules/.vite/deps/maplibre-gl.js?v=f4f8b016:17225
[   36482ms] [WARNING] performance warning: READ-usage buffer was written, then fenced, but written again before being read back. This discarded the shadow copy that was created to accelerate readback. @ http://localhost:5173/node_modules/.vite/deps/maplibre-gl.js?v=f4f8b016:17225
[   36649ms] [WARNING] performance warning: READ-usage buffer was written, then fenced, but written again before being read back. This discarded the shadow copy that was created to accelerate readback. @ http://localhost:5173/node_modules/.vite/deps/maplibre-gl.js?v=f4f8b016:17225
[   36816ms] [WARNING] performance warning: READ-usage buffer was written, then fenced, but written again before being read back. This discarded the shadow copy that was created to accelerate readback. @ http://localhost:5173/node_modules/.vite/deps/maplibre-gl.js?v=f4f8b016:17225
[   36982ms] [WARNING] performance warning: READ-usage buffer was written, then fenced, but written again before being read back. This discarded the shadow copy that was created to accelerate readback. @ http://localhost:5173/node_modules/.vite/deps/maplibre-gl.js?v=f4f8b016:17225
[   37149ms] [WARNING] performance warning: READ-usage buffer was written, then fenced, but written again before being read back. This discarded the shadow copy that was created to accelerate readback. @ http://localhost:5173/node_modules/.vite/deps/maplibre-gl.js?v=f4f8b016:17225
[   37317ms] [WARNING] performance warning: READ-usage buffer was written, then fenced, but written again before being read back. This discarded the shadow copy that was created to accelerate readback. @ http://localhost:5173/node_modules/.vite/deps/maplibre-gl.js?v=f4f8b016:17225
[   37483ms] [WARNING] performance warning: READ-usage buffer was written, then fenced, but written again before being read back. This discarded the shadow copy that was created to accelerate readback. @ http://localhost:5173/node_modules/.vite/deps/maplibre-gl.js?v=f4f8b016:17225
[   37650ms] [WARNING] performance warning: READ-usage buffer was written, then fenced, but written again before being read back. This discarded the shadow copy that was created to accelerate readback. @ http://localhost:5173/node_modules/.vite/deps/maplibre-gl.js?v=f4f8b016:17225
[   37816ms] [WARNING] performance warning: READ-usage buffer was written, then fenced, but written again before being read back. This discarded the shadow copy that was created to accelerate readback. @ http://localhost:5173/node_modules/.vite/deps/maplibre-gl.js?v=f4f8b016:17225
[   37983ms] [WARNING] performance warning: READ-usage buffer was written, then fenced, but written again before being read back. This discarded the shadow copy that was created to accelerate readback. @ http://localhost:5173/node_modules/.vite/deps/maplibre-gl.js?v=f4f8b016:17225
[   38150ms] [WARNING] performance warning: READ-usage buffer was written, then fenced, but written again before being read back. This discarded the shadow copy that was created to accelerate readback. @ http://localhost:5173/node_modules/.vite/deps/maplibre-gl.js?v=f4f8b016:17225
[   38318ms] [WARNING] performance warning: READ-usage buffer was written, then fenced, but written again before being read back. This discarded the shadow copy that was created to accelerate readback. @ http://localhost:5173/node_modules/.vite/deps/maplibre-gl.js?v=f4f8b016:17225
[   38483ms] [WARNING] performance warning: READ-usage buffer was written, then fenced, but written again before being read back. This discarded the shadow copy that was created to accelerate readback. @ http://localhost:5173/node_modules/.vite/deps/maplibre-gl.js?v=f4f8b016:17225
[   38650ms] [WARNING] performance warning: READ-usage buffer was written, then fenced, but written again before being read back. This discarded the shadow copy that was created to accelerate readback. @ http://localhost:5173/node_modules/.vite/deps/maplibre-gl.js?v=f4f8b016:17225
[   38817ms] [WARNING] performance warning: READ-usage buffer was written, then fenced, but written again before being read back. This discarded the shadow copy that was created to accelerate readback. @ http://localhost:5173/node_modules/.vite/deps/maplibre-gl.js?v=f4f8b016:17225
[   38987ms] [WARNING] performance warning: READ-usage buffer was written, then fenced, but written again before being read back. This discarded the shadow copy that was created to accelerate readback. @ http://localhost:5173/node_modules/.vite/deps/maplibre-gl.js?v=f4f8b016:17225
[   39150ms] [WARNING] performance warning: READ-usage buffer was written, then fenced, but written again before being read back. This discarded the shadow copy that was created to accelerate readback. @ http://localhost:5173/node_modules/.vite/deps/maplibre-gl.js?v=f4f8b016:17225
[   39317ms] [WARNING] performance warning: READ-usage buffer was written, then fenced, but written again before being read back. This discarded the shadow copy that was created to accelerate readback. @ http://localhost:5173/node_modules/.vite/deps/maplibre-gl.js?v=f4f8b016:17225
[   39483ms] [WARNING] performance warning: READ-usage buffer was written, then fenced, but written again before being read back. This discarded the shadow copy that was created to accelerate readback. @ http://localhost:5173/node_modules/.vite/deps/maplibre-gl.js?v=f4f8b016:17225
[   39651ms] [WARNING] performance warning: READ-usage buffer was written, then fenced, but written again before being read back. This discarded the shadow copy that was created to accelerate readback. @ http://localhost:5173/node_modules/.vite/deps/maplibre-gl.js?v=f4f8b016:17225
[   39818ms] [WARNING] performance warning: READ-usage buffer was written, then fenced, but written again before being read back. This discarded the shadow copy that was created to accelerate readback. @ http://localhost:5173/node_modules/.vite/deps/maplibre-gl.js?v=f4f8b016:17225
[   39984ms] [WARNING] performance warning: READ-usage buffer was written, then fenced, but written again before being read back. This discarded the shadow copy that was created to accelerate readback. @ http://localhost:5173/node_modules/.vite/deps/maplibre-gl.js?v=f4f8b016:17225
[   40151ms] [WARNING] performance warning: READ-usage buffer was written, then fenced, but written again before being read back. This discarded the shadow copy that was created to accelerate readback. @ http://localhost:5173/node_modules/.vite/deps/maplibre-gl.js?v=f4f8b016:17225
[   40317ms] [WARNING] performance warning: READ-usage buffer was written, then fenced, but written again before being read back. This discarded the shadow copy that was created to accelerate readback. @ http://localhost:5173/node_modules/.vite/deps/maplibre-gl.js?v=f4f8b016:17225
[   40483ms] [WARNING] performance warning: READ-usage buffer was written, then fenced, but written again before being read back. This discarded the shadow copy that was created to accelerate readback. @ http://localhost:5173/node_modules/.vite/deps/maplibre-gl.js?v=f4f8b016:17225
[   40651ms] [WARNING] performance warning: READ-usage buffer was written, then fenced, but written again before being read back. This discarded the shadow copy that was created to accelerate readback. @ http://localhost:5173/node_modules/.vite/deps/maplibre-gl.js?v=f4f8b016:17225
[   40818ms] [WARNING] performance warning: READ-usage buffer was written, then fenced, but written again before being read back. This discarded the shadow copy that was created to accelerate readback. @ http://localhost:5173/node_modules/.vite/deps/maplibre-gl.js?v=f4f8b016:17225
[   40985ms] [WARNING] performance warning: READ-usage buffer was written, then fenced, but written again before being read back. This discarded the shadow copy that was created to accelerate readback. @ http://localhost:5173/node_modules/.vite/deps/maplibre-gl.js?v=f4f8b016:17225
[   41151ms] [WARNING] performance warning: READ-usage buffer was written, then fenced, but written again before being read back. This discarded the shadow copy that was created to accelerate readback. @ http://localhost:5173/node_modules/.vite/deps/maplibre-gl.js?v=f4f8b016:17225
[   41318ms] [WARNING] performance warning: READ-usage buffer was written, then fenced, but written again before being read back. This discarded the shadow copy that was created to accelerate readback. @ http://localhost:5173/node_modules/.vite/deps/maplibre-gl.js?v=f4f8b016:17225
[   41484ms] [WARNING] performance warning: READ-usage buffer was written, then fenced, but written again before being read back. This discarded the shadow copy that was created to accelerate readback. @ http://localhost:5173/node_modules/.vite/deps/maplibre-gl.js?v=f4f8b016:17225
[   41651ms] [WARNING] performance warning: READ-usage buffer was written, then fenced, but written again before being read back. This discarded the shadow copy that was created to accelerate readback. @ http://localhost:5173/node_modules/.vite/deps/maplibre-gl.js?v=f4f8b016:17225
[   41818ms] [WARNING] performance warning: READ-usage buffer was written, then fenced, but written again before being read back. This discarded the shadow copy that was created to accelerate readback. @ http://localhost:5173/node_modules/.vite/deps/maplibre-gl.js?v=f4f8b016:17225
[   41986ms] [WARNING] performance warning: READ-usage buffer was written, then fenced, but written again before being read back. This discarded the shadow copy that was created to accelerate readback. @ http://localhost:5173/node_modules/.vite/deps/maplibre-gl.js?v=f4f8b016:17225
[   42152ms] [WARNING] performance warning: READ-usage buffer was written, then fenced, but written again before being read back. This discarded the shadow copy that was created to accelerate readback. @ http://localhost:5173/node_modules/.vite/deps/maplibre-gl.js?v=f4f8b016:17225
[   42318ms] [WARNING] performance warning: READ-usage buffer was written, then fenced, but written again before being read back. This discarded the shadow copy that was created to accelerate readback. @ http://localhost:5173/node_modules/.vite/deps/maplibre-gl.js?v=f4f8b016:17225
[   42485ms] [WARNING] performance warning: READ-usage buffer was written, then fenced, but written again before being read back. This discarded the shadow copy that was created to accelerate readback. @ http://localhost:5173/node_modules/.vite/deps/maplibre-gl.js?v=f4f8b016:17225
[   42651ms] [WARNING] performance warning: READ-usage buffer was written, then fenced, but written again before being read back. This discarded the shadow copy that was created to accelerate readback. @ http://localhost:5173/node_modules/.vite/deps/maplibre-gl.js?v=f4f8b016:17225
[   42818ms] [WARNING] performance warning: READ-usage buffer was written, then fenced, but written again before being read back. This discarded the shadow copy that was created to accelerate readback. @ http://localhost:5173/node_modules/.vite/deps/maplibre-gl.js?v=f4f8b016:17225
[   42985ms] [WARNING] performance warning: READ-usage buffer was written, then fenced, but written again before being read back. This discarded the shadow copy that was created to accelerate readback. @ http://localhost:5173/node_modules/.vite/deps/maplibre-gl.js?v=f4f8b016:17225
[   43152ms] [WARNING] performance warning: READ-usage buffer was written, then fenced, but written again before being read back. This discarded the shadow copy that was created to accelerate readback. @ http://localhost:5173/node_modules/.vite/deps/maplibre-gl.js?v=f4f8b016:17225
[   43320ms] [WARNING] performance warning: READ-usage buffer was written, then fenced, but written again before being read back. This discarded the shadow copy that was created to accelerate readback. @ http://localhost:5173/node_modules/.vite/deps/maplibre-gl.js?v=f4f8b016:17225
[   43485ms] [WARNING] performance warning: READ-usage buffer was written, then fenced, but written again before being read back. This discarded the shadow copy that was created to accelerate readback. @ http://localhost:5173/node_modules/.vite/deps/maplibre-gl.js?v=f4f8b016:17225
[   43652ms] [WARNING] performance warning: READ-usage buffer was written, then fenced, but written again before being read back. This discarded the shadow copy that was created to accelerate readback. @ http://localhost:5173/node_modules/.vite/deps/maplibre-gl.js?v=f4f8b016:17225
[   43652ms] [WARNING] WebGL: too many errors, no more errors will be reported to the console for this context. @ http://localhost:5173/node_modules/.vite/deps/maplibre-gl.js?v=f4f8b016:17225
[  242141ms] [LOG] [vite] server connection lost. Polling for restart... @ http://localhost:5173/@vite/client:963
[  243177ms] [INFO] %cDownload the React DevTools for a better development experience: https://reactjs.org/link/react-devtools font-weight:bold @ http://localhost:5173/node_modules/.vite/deps/chunk-OY5C42Z6.js?v=033e25ad:21608
[  243213ms] [WARNING] ⚠️ React Router Future Flag Warning: React Router will begin wrapping state updates in `React.startTransition` in v7. You can use the `v7_startTransition` future flag to opt-in early. For more information, see https://reactrouter.com/v6/upgrading/future#v7_starttransition. @ http://localhost:5173/node_modules/.vite/deps/react-router-dom.js?v=aa84c930:4426
[  243213ms] [WARNING] ⚠️ React Router Future Flag Warning: Relative route resolution within Splat routes is changing in v7. You can use the `v7_relativeSplatPath` future flag to opt-in early. For more information, see https://reactrouter.com/v6/upgrading/future#v7_relativesplatpath. @ http://localhost:5173/node_modules/.vite/deps/react-router-dom.js?v=aa84c930:4426
[  243405ms] [WARNING] performance warning: READ-usage buffer was written, then fenced, but written again before being read back. This discarded the shadow copy that was created to accelerate readback. @ http://localhost:5173/node_modules/.vite/deps/maplibre-gl.js?v=857ff43b:17225
[  243572ms] [WARNING] performance warning: READ-usage buffer was written, then fenced, but written again before being read back. This discarded the shadow copy that was created to accelerate readback. @ http://localhost:5173/node_modules/.vite/deps/maplibre-gl.js?v=857ff43b:17225
[  243739ms] [WARNING] performance warning: READ-usage buffer was written, then fenced, but written again before being read back. This discarded the shadow copy that was created to accelerate readback. @ http://localhost:5173/node_modules/.vite/deps/maplibre-gl.js?v=857ff43b:17225
[  243907ms] [WARNING] performance warning: READ-usage buffer was written, then fenced, but written again before being read back. This discarded the shadow copy that was created to accelerate readback. @ http://localhost:5173/node_modules/.vite/deps/maplibre-gl.js?v=857ff43b:17225
[  244073ms] [WARNING] performance warning: READ-usage buffer was written, then fenced, but written again before being read back. This discarded the shadow copy that was created to accelerate readback. @ http://localhost:5173/node_modules/.vite/deps/maplibre-gl.js?v=857ff43b:17225
[  244241ms] [WARNING] performance warning: READ-usage buffer was written, then fenced, but written again before being read back. This discarded the shadow copy that was created to accelerate readback. @ http://localhost:5173/node_modules/.vite/deps/maplibre-gl.js?v=857ff43b:17225
[  244407ms] [WARNING] performance warning: READ-usage buffer was written, then fenced, but written again before being read back. This discarded the shadow copy that was created to accelerate readback. @ http://localhost:5173/node_modules/.vite/deps/maplibre-gl.js?v=857ff43b:17225
[  244572ms] [WARNING] performance warning: READ-usage buffer was written, then fenced, but written again before being read back. This discarded the shadow copy that was created to accelerate readback. @ http://localhost:5173/node_modules/.vite/deps/maplibre-gl.js?v=857ff43b:17225
[  244739ms] [WARNING] performance warning: READ-usage buffer was written, then fenced, but written again before being read back. This discarded the shadow copy that was created to accelerate readback. @ http://localhost:5173/node_modules/.vite/deps/maplibre-gl.js?v=857ff43b:17225
[  244907ms] [WARNING] performance warning: READ-usage buffer was written, then fenced, but written again before being read back. This discarded the shadow copy that was created to accelerate readback. @ http://localhost:5173/node_modules/.vite/deps/maplibre-gl.js?v=857ff43b:17225
[  245074ms] [WARNING] performance warning: READ-usage buffer was written, then fenced, but written again before being read back. This discarded the shadow copy that was created to accelerate readback. @ http://localhost:5173/node_modules/.vite/deps/maplibre-gl.js?v=857ff43b:17225
[  245239ms] [WARNING] performance warning: READ-usage buffer was written, then fenced, but written again before being read back. This discarded the shadow copy that was created to accelerate readback. @ http://localhost:5173/node_modules/.vite/deps/maplibre-gl.js?v=857ff43b:17225
[  245407ms] [WARNING] performance warning: READ-usage buffer was written, then fenced, but written again before being read back. This discarded the shadow copy that was created to accelerate readback. @ http://localhost:5173/node_modules/.vite/deps/maplibre-gl.js?v=857ff43b:17225
[  245573ms] [WARNING] performance warning: READ-usage buffer was written, then fenced, but written again before being read back. This discarded the shadow copy that was created to accelerate readback. @ http://localhost:5173/node_modules/.vite/deps/maplibre-gl.js?v=857ff43b:17225
[  245740ms] [WARNING] performance warning: READ-usage buffer was written, then fenced, but written again before being read back. This discarded the shadow copy that was created to accelerate readback. @ http://localhost:5173/node_modules/.vite/deps/maplibre-gl.js?v=857ff43b:17225
[  245906ms] [WARNING] performance warning: READ-usage buffer was written, then fenced, but written again before being read back. This discarded the shadow copy that was created to accelerate readback. @ http://localhost:5173/node_modules/.vite/deps/maplibre-gl.js?v=857ff43b:17225
[  246073ms] [WARNING] performance warning: READ-usage buffer was written, then fenced, but written again before being read back. This discarded the shadow copy that was created to accelerate readback. @ http://localhost:5173/node_modules/.vite/deps/maplibre-gl.js?v=857ff43b:17225
[  246240ms] [WARNING] performance warning: READ-usage buffer was written, then fenced, but written again before being read back. This discarded the shadow copy that was created to accelerate readback. @ http://localhost:5173/node_modules/.vite/deps/maplibre-gl.js?v=857ff43b:17225
[  246406ms] [WARNING] performance warning: READ-usage buffer was written, then fenced, but written again before being read back. This discarded the shadow copy that was created to accelerate readback. @ http://localhost:5173/node_modules/.vite/deps/maplibre-gl.js?v=857ff43b:17225
[  246573ms] [WARNING] performance warning: READ-usage buffer was written, then fenced, but written again before being read back. This discarded the shadow copy that was created to accelerate readback. @ http://localhost:5173/node_modules/.vite/deps/maplibre-gl.js?v=857ff43b:17225
[  246740ms] [WARNING] performance warning: READ-usage buffer was written, then fenced, but written again before being read back. This discarded the shadow copy that was created to accelerate readback. @ http://localhost:5173/node_modules/.vite/deps/maplibre-gl.js?v=857ff43b:17225
[  246907ms] [WARNING] performance warning: READ-usage buffer was written, then fenced, but written again before being read back. This discarded the shadow copy that was created to accelerate readback. @ http://localhost:5173/node_modules/.vite/deps/maplibre-gl.js?v=857ff43b:17225
[  247073ms] [WARNING] performance warning: READ-usage buffer was written, then fenced, but written again before being read back. This discarded the shadow copy that was created to accelerate readback. @ http://localhost:5173/node_modules/.vite/deps/maplibre-gl.js?v=857ff43b:17225
[  247240ms] [WARNING] performance warning: READ-usage buffer was written, then fenced, but written again before being read back. This discarded the shadow copy that was created to accelerate readback. @ http://localhost:5173/node_modules/.vite/deps/maplibre-gl.js?v=857ff43b:17225
[  247407ms] [WARNING] performance warning: READ-usage buffer was written, then fenced, but written again before being read back. This discarded the shadow copy that was created to accelerate readback. @ http://localhost:5173/node_modules/.vite/deps/maplibre-gl.js?v=857ff43b:17225
[  247574ms] [WARNING] performance warning: READ-usage buffer was written, then fenced, but written again before being read back. This discarded the shadow copy that was created to accelerate readback. @ http://localhost:5173/node_modules/.vite/deps/maplibre-gl.js?v=857ff43b:17225
[  247743ms] [WARNING] performance warning: READ-usage buffer was written, then fenced, but written again before being read back. This discarded the shadow copy that was created to accelerate readback. @ http://localhost:5173/node_modules/.vite/deps/maplibre-gl.js?v=857ff43b:17225
[  247909ms] [WARNING] performance warning: READ-usage buffer was written, then fenced, but written again before being read back. This discarded the shadow copy that was created to accelerate readback. @ http://localhost:5173/node_modules/.vite/deps/maplibre-gl.js?v=857ff43b:17225
[  248075ms] [WARNING] performance warning: READ-usage buffer was written, then fenced, but written again before being read back. This discarded the shadow copy that was created to accelerate readback. @ http://localhost:5173/node_modules/.vite/deps/maplibre-gl.js?v=857ff43b:17225
[  248241ms] [WARNING] performance warning: READ-usage buffer was written, then fenced, but written again before being read back. This discarded the shadow copy that was created to accelerate readback. @ http://localhost:5173/node_modules/.vite/deps/maplibre-gl.js?v=857ff43b:17225
[  248407ms] [WARNING] performance warning: READ-usage buffer was written, then fenced, but written again before being read back. This discarded the shadow copy that was created to accelerate readback. @ http://localhost:5173/node_modules/.vite/deps/maplibre-gl.js?v=857ff43b:17225
[  248574ms] [WARNING] performance warning: READ-usage buffer was written, then fenced, but written again before being read back. This discarded the shadow copy that was created to accelerate readback. @ http://localhost:5173/node_modules/.vite/deps/maplibre-gl.js?v=857ff43b:17225
[  248743ms] [WARNING] performance warning: READ-usage buffer was written, then fenced, but written again before being read back. This discarded the shadow copy that was created to accelerate readback. @ http://localhost:5173/node_modules/.vite/deps/maplibre-gl.js?v=857ff43b:17225
[  248908ms] [WARNING] performance warning: READ-usage buffer was written, then fenced, but written again before being read back. This discarded the shadow copy that was created to accelerate readback. @ http://localhost:5173/node_modules/.vite/deps/maplibre-gl.js?v=857ff43b:17225
[  249075ms] [WARNING] performance warning: READ-usage buffer was written, then fenced, but written again before being read back. This discarded the shadow copy that was created to accelerate readback. @ http://localhost:5173/node_modules/.vite/deps/maplibre-gl.js?v=857ff43b:17225
[  249241ms] [WARNING] performance warning: READ-usage buffer was written, then fenced, but written again before being read back. This discarded the shadow copy that was created to accelerate readback. @ http://localhost:5173/node_modules/.vite/deps/maplibre-gl.js?v=857ff43b:17225
[  249409ms] [WARNING] performance warning: READ-usage buffer was written, then fenced, but written again before being read back. This discarded the shadow copy that was created to accelerate readback. @ http://localhost:5173/node_modules/.vite/deps/maplibre-gl.js?v=857ff43b:17225
[  249574ms] [WARNING] performance warning: READ-usage buffer was written, then fenced, but written again before being read back. This discarded the shadow copy that was created to accelerate readback. @ http://localhost:5173/node_modules/.vite/deps/maplibre-gl.js?v=857ff43b:17225
[  249741ms] [WARNING] performance warning: READ-usage buffer was written, then fenced, but written again before being read back. This discarded the shadow copy that was created to accelerate readback. @ http://localhost:5173/node_modules/.vite/deps/maplibre-gl.js?v=857ff43b:17225
[  249908ms] [WARNING] performance warning: READ-usage buffer was written, then fenced, but written again before being read back. This discarded the shadow copy that was created to accelerate readback. @ http://localhost:5173/node_modules/.vite/deps/maplibre-gl.js?v=857ff43b:17225
[  250077ms] [WARNING] performance warning: READ-usage buffer was written, then fenced, but written again before being read back. This discarded the shadow copy that was created to accelerate readback. @ http://localhost:5173/node_modules/.vite/deps/maplibre-gl.js?v=857ff43b:17225
[  250243ms] [WARNING] performance warning: READ-usage buffer was written, then fenced, but written again before being read back. This discarded the shadow copy that was created to accelerate readback. @ http://localhost:5173/node_modules/.vite/deps/maplibre-gl.js?v=857ff43b:17225
[  250411ms] [WARNING] performance warning: READ-usage buffer was written, then fenced, but written again before being read back. This discarded the shadow copy that was created to accelerate readback. @ http://localhost:5173/node_modules/.vite/deps/maplibre-gl.js?v=857ff43b:17225
[  250575ms] [WARNING] performance warning: READ-usage buffer was written, then fenced, but written again before being read back. This discarded the shadow copy that was created to accelerate readback. @ http://localhost:5173/node_modules/.vite/deps/maplibre-gl.js?v=857ff43b:17225
[  250742ms] [WARNING] performance warning: READ-usage buffer was written, then fenced, but written again before being read back. This discarded the shadow copy that was created to accelerate readback. @ http://localhost:5173/node_modules/.vite/deps/maplibre-gl.js?v=857ff43b:17225
[  250908ms] [WARNING] performance warning: READ-usage buffer was written, then fenced, but written again before being read back. This discarded the shadow copy that was created to accelerate readback. @ http://localhost:5173/node_modules/.vite/deps/maplibre-gl.js?v=857ff43b:17225
[  251075ms] [WARNING] performance warning: READ-usage buffer was written, then fenced, but written again before being read back. This discarded the shadow copy that was created to accelerate readback. @ http://localhost:5173/node_modules/.vite/deps/maplibre-gl.js?v=857ff43b:17225
[  251242ms] [WARNING] performance warning: READ-usage buffer was written, then fenced, but written again before being read back. This discarded the shadow copy that was created to accelerate readback. @ http://localhost:5173/node_modules/.vite/deps/maplibre-gl.js?v=857ff43b:17225
[  251409ms] [WARNING] performance warning: READ-usage buffer was written, then fenced, but written again before being read back. This discarded the shadow copy that was created to accelerate readback. @ http://localhost:5173/node_modules/.vite/deps/maplibre-gl.js?v=857ff43b:17225
[  251576ms] [WARNING] performance warning: READ-usage buffer was written, then fenced, but written again before being read back. This discarded the shadow copy that was created to accelerate readback. @ http://localhost:5173/node_modules/.vite/deps/maplibre-gl.js?v=857ff43b:17225
[  251742ms] [WARNING] performance warning: READ-usage buffer was written, then fenced, but written again before being read back. This discarded the shadow copy that was created to accelerate readback. @ http://localhost:5173/node_modules/.vite/deps/maplibre-gl.js?v=857ff43b:17225
[  251909ms] [WARNING] performance warning: READ-usage buffer was written, then fenced, but written again before being read back. This discarded the shadow copy that was created to accelerate readback. @ http://localhost:5173/node_modules/.vite/deps/maplibre-gl.js?v=857ff43b:17225
[  252076ms] [WARNING] performance warning: READ-usage buffer was written, then fenced, but written again before being read back. This discarded the shadow copy that was created to accelerate readback. @ http://localhost:5173/node_modules/.vite/deps/maplibre-gl.js?v=857ff43b:17225
[  252242ms] [WARNING] performance warning: READ-usage buffer was written, then fenced, but written again before being read back. This discarded the shadow copy that was created to accelerate readback. @ http://localhost:5173/node_modules/.vite/deps/maplibre-gl.js?v=857ff43b:17225
[  252409ms] [WARNING] performance warning: READ-usage buffer was written, then fenced, but written again before being read back. This discarded the shadow copy that was created to accelerate readback. @ http://localhost:5173/node_modules/.vite/deps/maplibre-gl.js?v=857ff43b:17225
[  252576ms] [WARNING] performance warning: READ-usage buffer was written, then fenced, but written again before being read back. This discarded the shadow copy that was created to accelerate readback. @ http://localhost:5173/node_modules/.vite/deps/maplibre-gl.js?v=857ff43b:17225
[  252743ms] [WARNING] performance warning: READ-usage buffer was written, then fenced, but written again before being read back. This discarded the shadow copy that was created to accelerate readback. @ http://localhost:5173/node_modules/.vite/deps/maplibre-gl.js?v=857ff43b:17225
[  252910ms] [WARNING] performance warning: READ-usage buffer was written, then fenced, but written again before being read back. This discarded the shadow copy that was created to accelerate readback. @ http://localhost:5173/node_modules/.vite/deps/maplibre-gl.js?v=857ff43b:17225
[  253076ms] [WARNING] performance warning: READ-usage buffer was written, then fenced, but written again before being read back. This discarded the shadow copy that was created to accelerate readback. @ http://localhost:5173/node_modules/.vite/deps/maplibre-gl.js?v=857ff43b:17225
[  253244ms] [WARNING] performance warning: READ-usage buffer was written, then fenced, but written again before being read back. This discarded the shadow copy that was created to accelerate readback. @ http://localhost:5173/node_modules/.vite/deps/maplibre-gl.js?v=857ff43b:17225
[  253410ms] [WARNING] performance warning: READ-usage buffer was written, then fenced, but written again before being read back. This discarded the shadow copy that was created to accelerate readback. @ http://localhost:5173/node_modules/.vite/deps/maplibre-gl.js?v=857ff43b:17225
[  253576ms] [WARNING] performance warning: READ-usage buffer was written, then fenced, but written again before being read back. This discarded the shadow copy that was created to accelerate readback. @ http://localhost:5173/node_modules/.vite/deps/maplibre-gl.js?v=857ff43b:17225
[  253743ms] [WARNING] performance warning: READ-usage buffer was written, then fenced, but written again before being read back. This discarded the shadow copy that was created to accelerate readback. @ http://localhost:5173/node_modules/.vite/deps/maplibre-gl.js?v=857ff43b:17225
[  253910ms] [WARNING] performance warning: READ-usage buffer was written, then fenced, but written again before being read back. This discarded the shadow copy that was created to accelerate readback. @ http://localhost:5173/node_modules/.vite/deps/maplibre-gl.js?v=857ff43b:17225
[  254078ms] [WARNING] performance warning: READ-usage buffer was written, then fenced, but written again before being read back. This discarded the shadow copy that was created to accelerate readback. @ http://localhost:5173/node_modules/.vite/deps/maplibre-gl.js?v=857ff43b:17225
[  254244ms] [WARNING] performance warning: READ-usage buffer was written, then fenced, but written again before being read back. This discarded the shadow copy that was created to accelerate readback. @ http://localhost:5173/node_modules/.vite/deps/maplibre-gl.js?v=857ff43b:17225
[  254410ms] [WARNING] performance warning: READ-usage buffer was written, then fenced, but written again before being read back. This discarded the shadow copy that was created to accelerate readback. @ http://localhost:5173/node_modules/.vite/deps/maplibre-gl.js?v=857ff43b:17225
[  254577ms] [WARNING] performance warning: READ-usage buffer was written, then fenced, but written again before being read back. This discarded the shadow copy that was created to accelerate readback. @ http://localhost:5173/node_modules/.vite/deps/maplibre-gl.js?v=857ff43b:17225
[  254744ms] [WARNING] performance warning: READ-usage buffer was written, then fenced, but written again before being read back. This discarded the shadow copy that was created to accelerate readback. @ http://localhost:5173/node_modules/.vite/deps/maplibre-gl.js?v=857ff43b:17225
[  254910ms] [WARNING] performance warning: READ-usage buffer was written, then fenced, but written again before being read back. This discarded the shadow copy that was created to accelerate readback. @ http://localhost:5173/node_modules/.vite/deps/maplibre-gl.js?v=857ff43b:17225
[  255077ms] [WARNING] performance warning: READ-usage buffer was written, then fenced, but written again before being read back. This discarded the shadow copy that was created to accelerate readback. @ http://localhost:5173/node_modules/.vite/deps/maplibre-gl.js?v=857ff43b:17225
[  255244ms] [WARNING] performance warning: READ-usage buffer was written, then fenced, but written again before being read back. This discarded the shadow copy that was created to accelerate readback. @ http://localhost:5173/node_modules/.vite/deps/maplibre-gl.js?v=857ff43b:17225
[  255412ms] [WARNING] performance warning: READ-usage buffer was written, then fenced, but written again before being read back. This discarded the shadow copy that was created to accelerate readback. @ http://localhost:5173/node_modules/.vite/deps/maplibre-gl.js?v=857ff43b:17225
[  255577ms] [WARNING] performance warning: READ-usage buffer was written, then fenced, but written again before being read back. This discarded the shadow copy that was created to accelerate readback. @ http://localhost:5173/node_modules/.vite/deps/maplibre-gl.js?v=857ff43b:17225
[  255746ms] [WARNING] performance warning: READ-usage buffer was written, then fenced, but written again before being read back. This discarded the shadow copy that was created to accelerate readback. @ http://localhost:5173/node_modules/.vite/deps/maplibre-gl.js?v=857ff43b:17225
[  255913ms] [WARNING] performance warning: READ-usage buffer was written, then fenced, but written again before being read back. This discarded the shadow copy that was created to accelerate readback. @ http://localhost:5173/node_modules/.vite/deps/maplibre-gl.js?v=857ff43b:17225
[  256077ms] [WARNING] performance warning: READ-usage buffer was written, then fenced, but written again before being read back. This discarded the shadow copy that was created to accelerate readback. @ http://localhost:5173/node_modules/.vite/deps/maplibre-gl.js?v=857ff43b:17225
[  256244ms] [WARNING] performance warning: READ-usage buffer was written, then fenced, but written again before being read back. This discarded the shadow copy that was created to accelerate readback. @ http://localhost:5173/node_modules/.vite/deps/maplibre-gl.js?v=857ff43b:17225
[  256411ms] [WARNING] performance warning: READ-usage buffer was written, then fenced, but written again before being read back. This discarded the shadow copy that was created to accelerate readback. @ http://localhost:5173/node_modules/.vite/deps/maplibre-gl.js?v=857ff43b:17225
[  256577ms] [WARNING] performance warning: READ-usage buffer was written, then fenced, but written again before being read back. This discarded the shadow copy that was created to accelerate readback. @ http://localhost:5173/node_modules/.vite/deps/maplibre-gl.js?v=857ff43b:17225
[  256746ms] [WARNING] performance warning: READ-usage buffer was written, then fenced, but written again before being read back. This discarded the shadow copy that was created to accelerate readback. @ http://localhost:5173/node_modules/.vite/deps/maplibre-gl.js?v=857ff43b:17225
[  256911ms] [WARNING] performance warning: READ-usage buffer was written, then fenced, but written again before being read back. This discarded the shadow copy that was created to accelerate readback. @ http://localhost:5173/node_modules/.vite/deps/maplibre-gl.js?v=857ff43b:17225
[  257078ms] [WARNING] performance warning: READ-usage buffer was written, then fenced, but written again before being read back. This discarded the shadow copy that was created to accelerate readback. @ http://localhost:5173/node_modules/.vite/deps/maplibre-gl.js?v=857ff43b:17225
[  257245ms] [WARNING] performance warning: READ-usage buffer was written, then fenced, but written again before being read back. This discarded the shadow copy that was created to accelerate readback. @ http://localhost:5173/node_modules/.vite/deps/maplibre-gl.js?v=857ff43b:17225
[  257411ms] [WARNING] performance warning: READ-usage buffer was written, then fenced, but written again before being read back. This discarded the shadow copy that was created to accelerate readback. @ http://localhost:5173/node_modules/.vite/deps/maplibre-gl.js?v=857ff43b:17225
[  257578ms] [WARNING] performance warning: READ-usage buffer was written, then fenced, but written again before being read back. This discarded the shadow copy that was created to accelerate readback. @ http://localhost:5173/node_modules/.vite/deps/maplibre-gl.js?v=857ff43b:17225
[  257745ms] [WARNING] performance warning: READ-usage buffer was written, then fenced, but written again before being read back. This discarded the shadow copy that was created to accelerate readback. @ http://localhost:5173/node_modules/.vite/deps/maplibre-gl.js?v=857ff43b:17225
[  257912ms] [WARNING] performance warning: READ-usage buffer was written, then fenced, but written again before being read back. This discarded the shadow copy that was created to accelerate readback. @ http://localhost:5173/node_modules/.vite/deps/maplibre-gl.js?v=857ff43b:17225
[  258079ms] [WARNING] performance warning: READ-usage buffer was written, then fenced, but written again before being read back. This discarded the shadow copy that was created to accelerate readback. @ http://localhost:5173/node_modules/.vite/deps/maplibre-gl.js?v=857ff43b:17225
[  258247ms] [WARNING] performance warning: READ-usage buffer was written, then fenced, but written again before being read back. This discarded the shadow copy that was created to accelerate readback. @ http://localhost:5173/node_modules/.vite/deps/maplibre-gl.js?v=857ff43b:17225
[  258412ms] [WARNING] performance warning: READ-usage buffer was written, then fenced, but written again before being read back. This discarded the shadow copy that was created to accelerate readback. @ http://localhost:5173/node_modules/.vite/deps/maplibre-gl.js?v=857ff43b:17225
[  258578ms] [WARNING] performance warning: READ-usage buffer was written, then fenced, but written again before being read back. This discarded the shadow copy that was created to accelerate readback. @ http://localhost:5173/node_modules/.vite/deps/maplibre-gl.js?v=857ff43b:17225
[  258745ms] [WARNING] performance warning: READ-usage buffer was written, then fenced, but written again before being read back. This discarded the shadow copy that was created to accelerate readback. @ http://localhost:5173/node_modules/.vite/deps/maplibre-gl.js?v=857ff43b:17225
[  258912ms] [WARNING] performance warning: READ-usage buffer was written, then fenced, but written again before being read back. This discarded the shadow copy that was created to accelerate readback. @ http://localhost:5173/node_modules/.vite/deps/maplibre-gl.js?v=857ff43b:17225
[  259079ms] [WARNING] performance warning: READ-usage buffer was written, then fenced, but written again before being read back. This discarded the shadow copy that was created to accelerate readback. @ http://localhost:5173/node_modules/.vite/deps/maplibre-gl.js?v=857ff43b:17225
[  259246ms] [WARNING] performance warning: READ-usage buffer was written, then fenced, but written again before being read back. This discarded the shadow copy that was created to accelerate readback. @ http://localhost:5173/node_modules/.vite/deps/maplibre-gl.js?v=857ff43b:17225
[  259413ms] [WARNING] performance warning: READ-usage buffer was written, then fenced, but written again before being read back. This discarded the shadow copy that was created to accelerate readback. @ http://localhost:5173/node_modules/.vite/deps/maplibre-gl.js?v=857ff43b:17225
[  259579ms] [WARNING] performance warning: READ-usage buffer was written, then fenced, but written again before being read back. This discarded the shadow copy that was created to accelerate readback. @ http://localhost:5173/node_modules/.vite/deps/maplibre-gl.js?v=857ff43b:17225
[  259746ms] [WARNING] performance warning: READ-usage buffer was written, then fenced, but written again before being read back. This discarded the shadow copy that was created to accelerate readback. @ http://localhost:5173/node_modules/.vite/deps/maplibre-gl.js?v=857ff43b:17225
[  259912ms] [WARNING] performance warning: READ-usage buffer was written, then fenced, but written again before being read back. This discarded the shadow copy that was created to accelerate readback. @ http://localhost:5173/node_modules/.vite/deps/maplibre-gl.js?v=857ff43b:17225
[  260079ms] [WARNING] performance warning: READ-usage buffer was written, then fenced, but written again before being read back. This discarded the shadow copy that was created to accelerate readback. @ http://localhost:5173/node_modules/.vite/deps/maplibre-gl.js?v=857ff43b:17225
[  260247ms] [WARNING] performance warning: READ-usage buffer was written, then fenced, but written again before being read back. This discarded the shadow copy that was created to accelerate readback. @ http://localhost:5173/node_modules/.vite/deps/maplibre-gl.js?v=857ff43b:17225
[  260414ms] [WARNING] performance warning: READ-usage buffer was written, then fenced, but written again before being read back. This discarded the shadow copy that was created to accelerate readback. @ http://localhost:5173/node_modules/.vite/deps/maplibre-gl.js?v=857ff43b:17225
[  260580ms] [WARNING] performance warning: READ-usage buffer was written, then fenced, but written again before being read back. This discarded the shadow copy that was created to accelerate readback. @ http://localhost:5173/node_modules/.vite/deps/maplibre-gl.js?v=857ff43b:17225
[  260746ms] [WARNING] performance warning: READ-usage buffer was written, then fenced, but written again before being read back. This discarded the shadow copy that was created to accelerate readback. @ http://localhost:5173/node_modules/.vite/deps/maplibre-gl.js?v=857ff43b:17225
[  260913ms] [WARNING] performance warning: READ-usage buffer was written, then fenced, but written again before being read back. This discarded the shadow copy that was created to accelerate readback. @ http://localhost:5173/node_modules/.vite/deps/maplibre-gl.js?v=857ff43b:17225
[  261080ms] [WARNING] performance warning: READ-usage buffer was written, then fenced, but written again before being read back. This discarded the shadow copy that was created to accelerate readback. @ http://localhost:5173/node_modules/.vite/deps/maplibre-gl.js?v=857ff43b:17225
[  261246ms] [WARNING] performance warning: READ-usage buffer was written, then fenced, but written again before being read back. This discarded the shadow copy that was created to accelerate readback. @ http://localhost:5173/node_modules/.vite/deps/maplibre-gl.js?v=857ff43b:17225
[  261413ms] [WARNING] performance warning: READ-usage buffer was written, then fenced, but written again before being read back. This discarded the shadow copy that was created to accelerate readback. @ http://localhost:5173/node_modules/.vite/deps/maplibre-gl.js?v=857ff43b:17225
[  261580ms] [WARNING] performance warning: READ-usage buffer was written, then fenced, but written again before being read back. This discarded the shadow copy that was created to accelerate readback. @ http://localhost:5173/node_modules/.vite/deps/maplibre-gl.js?v=857ff43b:17225
[  261747ms] [WARNING] performance warning: READ-usage buffer was written, then fenced, but written again before being read back. This discarded the shadow copy that was created to accelerate readback. @ http://localhost:5173/node_modules/.vite/deps/maplibre-gl.js?v=857ff43b:17225
[  261914ms] [WARNING] performance warning: READ-usage buffer was written, then fenced, but written again before being read back. This discarded the shadow copy that was created to accelerate readback. @ http://localhost:5173/node_modules/.vite/deps/maplibre-gl.js?v=857ff43b:17225
[  262080ms] [WARNING] performance warning: READ-usage buffer was written, then fenced, but written again before being read back. This discarded the shadow copy that was created to accelerate readback. @ http://localhost:5173/node_modules/.vite/deps/maplibre-gl.js?v=857ff43b:17225
[  262247ms] [WARNING] performance warning: READ-usage buffer was written, then fenced, but written again before being read back. This discarded the shadow copy that was created to accelerate readback. @ http://localhost:5173/node_modules/.vite/deps/maplibre-gl.js?v=857ff43b:17225
[  262413ms] [WARNING] performance warning: READ-usage buffer was written, then fenced, but written again before being read back. This discarded the shadow copy that was created to accelerate readback. @ http://localhost:5173/node_modules/.vite/deps/maplibre-gl.js?v=857ff43b:17225
[  262580ms] [WARNING] performance warning: READ-usage buffer was written, then fenced, but written again before being read back. This discarded the shadow copy that was created to accelerate readback. @ http://localhost:5173/node_modules/.vite/deps/maplibre-gl.js?v=857ff43b:17225
[  262747ms] [WARNING] performance warning: READ-usage buffer was written, then fenced, but written again before being read back. This discarded the shadow copy that was created to accelerate readback. @ http://localhost:5173/node_modules/.vite/deps/maplibre-gl.js?v=857ff43b:17225
[  262914ms] [WARNING] performance warning: READ-usage buffer was written, then fenced, but written again before being read back. This discarded the shadow copy that was created to accelerate readback. @ http://localhost:5173/node_modules/.vite/deps/maplibre-gl.js?v=857ff43b:17225
[  263082ms] [WARNING] performance warning: READ-usage buffer was written, then fenced, but written again before being read back. This discarded the shadow copy that was created to accelerate readback. @ http://localhost:5173/node_modules/.vite/deps/maplibre-gl.js?v=857ff43b:17225
[  263247ms] [WARNING] performance warning: READ-usage buffer was written, then fenced, but written again before being read back. This discarded the shadow copy that was created to accelerate readback. @ http://localhost:5173/node_modules/.vite/deps/maplibre-gl.js?v=857ff43b:17225
[  263414ms] [WARNING] performance warning: READ-usage buffer was written, then fenced, but written again before being read back. This discarded the shadow copy that was created to accelerate readback. @ http://localhost:5173/node_modules/.vite/deps/maplibre-gl.js?v=857ff43b:17225
[  263581ms] [WARNING] performance warning: READ-usage buffer was written, then fenced, but written again before being read back. This discarded the shadow copy that was created to accelerate readback. @ http://localhost:5173/node_modules/.vite/deps/maplibre-gl.js?v=857ff43b:17225
[  263748ms] [WARNING] performance warning: READ-usage buffer was written, then fenced, but written again before being read back. This discarded the shadow copy that was created to accelerate readback. @ http://localhost:5173/node_modules/.vite/deps/maplibre-gl.js?v=857ff43b:17225
[  263914ms] [WARNING] performance warning: READ-usage buffer was written, then fenced, but written again before being read back. This discarded the shadow copy that was created to accelerate readback. @ http://localhost:5173/node_modules/.vite/deps/maplibre-gl.js?v=857ff43b:17225
[  264082ms] [WARNING] performance warning: READ-usage buffer was written, then fenced, but written again before being read back. This discarded the shadow copy that was created to accelerate readback. @ http://localhost:5173/node_modules/.vite/deps/maplibre-gl.js?v=857ff43b:17225
[  264248ms] [WARNING] performance warning: READ-usage buffer was written, then fenced, but written again before being read back. This discarded the shadow copy that was created to accelerate readback. @ http://localhost:5173/node_modules/.vite/deps/maplibre-gl.js?v=857ff43b:17225
[  264414ms] [WARNING] performance warning: READ-usage buffer was written, then fenced, but written again before being read back. This discarded the shadow copy that was created to accelerate readback. @ http://localhost:5173/node_modules/.vite/deps/maplibre-gl.js?v=857ff43b:17225
[  264581ms] [WARNING] performance warning: READ-usage buffer was written, then fenced, but written again before being read back. This discarded the shadow copy that was created to accelerate readback. @ http://localhost:5173/node_modules/.vite/deps/maplibre-gl.js?v=857ff43b:17225
[  264749ms] [WARNING] performance warning: READ-usage buffer was written, then fenced, but written again before being read back. This discarded the shadow copy that was created to accelerate readback. @ http://localhost:5173/node_modules/.vite/deps/maplibre-gl.js?v=857ff43b:17225
[  264915ms] [WARNING] performance warning: READ-usage buffer was written, then fenced, but written again before being read back. This discarded the shadow copy that was created to accelerate readback. @ http://localhost:5173/node_modules/.vite/deps/maplibre-gl.js?v=857ff43b:17225
[  265082ms] [WARNING] performance warning: READ-usage buffer was written, then fenced, but written again before being read back. This discarded the shadow copy that was created to accelerate readback. @ http://localhost:5173/node_modules/.vite/deps/maplibre-gl.js?v=857ff43b:17225
[  265249ms] [WARNING] performance warning: READ-usage buffer was written, then fenced, but written again before being read back. This discarded the shadow copy that was created to accelerate readback. @ http://localhost:5173/node_modules/.vite/deps/maplibre-gl.js?v=857ff43b:17225
[  265415ms] [WARNING] performance warning: READ-usage buffer was written, then fenced, but written again before being read back. This discarded the shadow copy that was created to accelerate readback. @ http://localhost:5173/node_modules/.vite/deps/maplibre-gl.js?v=857ff43b:17225
[  265582ms] [WARNING] performance warning: READ-usage buffer was written, then fenced, but written again before being read back. This discarded the shadow copy that was created to accelerate readback. @ http://localhost:5173/node_modules/.vite/deps/maplibre-gl.js?v=857ff43b:17225
[  265750ms] [WARNING] performance warning: READ-usage buffer was written, then fenced, but written again before being read back. This discarded the shadow copy that was created to accelerate readback. @ http://localhost:5173/node_modules/.vite/deps/maplibre-gl.js?v=857ff43b:17225
[  265915ms] [WARNING] performance warning: READ-usage buffer was written, then fenced, but written again before being read back. This discarded the shadow copy that was created to accelerate readback. @ http://localhost:5173/node_modules/.vite/deps/maplibre-gl.js?v=857ff43b:17225
[  266082ms] [WARNING] performance warning: READ-usage buffer was written, then fenced, but written again before being read back. This discarded the shadow copy that was created to accelerate readback. @ http://localhost:5173/node_modules/.vite/deps/maplibre-gl.js?v=857ff43b:17225
[  266248ms] [WARNING] performance warning: READ-usage buffer was written, then fenced, but written again before being read back. This discarded the shadow copy that was created to accelerate readback. @ http://localhost:5173/node_modules/.vite/deps/maplibre-gl.js?v=857ff43b:17225
[  266416ms] [WARNING] performance warning: READ-usage buffer was written, then fenced, but written again before being read back. This discarded the shadow copy that was created to accelerate readback. @ http://localhost:5173/node_modules/.vite/deps/maplibre-gl.js?v=857ff43b:17225
[  266582ms] [WARNING] performance warning: READ-usage buffer was written, then fenced, but written again before being read back. This discarded the shadow copy that was created to accelerate readback. @ http://localhost:5173/node_modules/.vite/deps/maplibre-gl.js?v=857ff43b:17225
[  266750ms] [WARNING] performance warning: READ-usage buffer was written, then fenced, but written again before being read back. This discarded the shadow copy that was created to accelerate readback. @ http://localhost:5173/node_modules/.vite/deps/maplibre-gl.js?v=857ff43b:17225
[  266917ms] [WARNING] performance warning: READ-usage buffer was written, then fenced, but written again before being read back. This discarded the shadow copy that was created to accelerate readback. @ http://localhost:5173/node_modules/.vite/deps/maplibre-gl.js?v=857ff43b:17225
[  267083ms] [WARNING] performance warning: READ-usage buffer was written, then fenced, but written again before being read back. This discarded the shadow copy that was created to accelerate readback. @ http://localhost:5173/node_modules/.vite/deps/maplibre-gl.js?v=857ff43b:17225
[  267249ms] [WARNING] performance warning: READ-usage buffer was written, then fenced, but written again before being read back. This discarded the shadow copy that was created to accelerate readback. @ http://localhost:5173/node_modules/.vite/deps/maplibre-gl.js?v=857ff43b:17225
[  267416ms] [WARNING] performance warning: READ-usage buffer was written, then fenced, but written again before being read back. This discarded the shadow copy that was created to accelerate readback. @ http://localhost:5173/node_modules/.vite/deps/maplibre-gl.js?v=857ff43b:17225
[  267583ms] [WARNING] performance warning: READ-usage buffer was written, then fenced, but written again before being read back. This discarded the shadow copy that was created to accelerate readback. @ http://localhost:5173/node_modules/.vite/deps/maplibre-gl.js?v=857ff43b:17225
[  267750ms] [WARNING] performance warning: READ-usage buffer was written, then fenced, but written again before being read back. This discarded the shadow copy that was created to accelerate readback. @ http://localhost:5173/node_modules/.vite/deps/maplibre-gl.js?v=857ff43b:17225
[  267917ms] [WARNING] performance warning: READ-usage buffer was written, then fenced, but written again before being read back. This discarded the shadow copy that was created to accelerate readback. @ http://localhost:5173/node_modules/.vite/deps/maplibre-gl.js?v=857ff43b:17225
[  268083ms] [WARNING] performance warning: READ-usage buffer was written, then fenced, but written again before being read back. This discarded the shadow copy that was created to accelerate readback. @ http://localhost:5173/node_modules/.vite/deps/maplibre-gl.js?v=857ff43b:17225
[  268250ms] [WARNING] performance warning: READ-usage buffer was written, then fenced, but written again before being read back. This discarded the shadow copy that was created to accelerate readback. @ http://localhost:5173/node_modules/.vite/deps/maplibre-gl.js?v=857ff43b:17225
[  268417ms] [WARNING] performance warning: READ-usage buffer was written, then fenced, but written again before being read back. This discarded the shadow copy that was created to accelerate readback. @ http://localhost:5173/node_modules/.vite/deps/maplibre-gl.js?v=857ff43b:17225
[  268584ms] [WARNING] performance warning: READ-usage buffer was written, then fenced, but written again before being read back. This discarded the shadow copy that was created to accelerate readback. @ http://localhost:5173/node_modules/.vite/deps/maplibre-gl.js?v=857ff43b:17225
[  268749ms] [WARNING] performance warning: READ-usage buffer was written, then fenced, but written again before being read back. This discarded the shadow copy that was created to accelerate readback. @ http://localhost:5173/node_modules/.vite/deps/maplibre-gl.js?v=857ff43b:17225
[  268916ms] [WARNING] performance warning: READ-usage buffer was written, then fenced, but written again before being read back. This discarded the shadow copy that was created to accelerate readback. @ http://localhost:5173/node_modules/.vite/deps/maplibre-gl.js?v=857ff43b:17225
[  269083ms] [WARNING] performance warning: READ-usage buffer was written, then fenced, but written again before being read back. This discarded the shadow copy that was created to accelerate readback. @ http://localhost:5173/node_modules/.vite/deps/maplibre-gl.js?v=857ff43b:17225
[  269250ms] [WARNING] performance warning: READ-usage buffer was written, then fenced, but written again before being read back. This discarded the shadow copy that was created to accelerate readback. @ http://localhost:5173/node_modules/.vite/deps/maplibre-gl.js?v=857ff43b:17225
[  269417ms] [WARNING] performance warning: READ-usage buffer was written, then fenced, but written again before being read back. This discarded the shadow copy that was created to accelerate readback. @ http://localhost:5173/node_modules/.vite/deps/maplibre-gl.js?v=857ff43b:17225
[  269584ms] [WARNING] performance warning: READ-usage buffer was written, then fenced, but written again before being read back. This discarded the shadow copy that was created to accelerate readback. @ http://localhost:5173/node_modules/.vite/deps/maplibre-gl.js?v=857ff43b:17225
[  269751ms] [WARNING] performance warning: READ-usage buffer was written, then fenced, but written again before being read back. This discarded the shadow copy that was created to accelerate readback. @ http://localhost:5173/node_modules/.vite/deps/maplibre-gl.js?v=857ff43b:17225
[  269917ms] [WARNING] performance warning: READ-usage buffer was written, then fenced, but written again before being read back. This discarded the shadow copy that was created to accelerate readback. @ http://localhost:5173/node_modules/.vite/deps/maplibre-gl.js?v=857ff43b:17225
[  270084ms] [WARNING] performance warning: READ-usage buffer was written, then fenced, but written again before being read back. This discarded the shadow copy that was created to accelerate readback. @ http://localhost:5173/node_modules/.vite/deps/maplibre-gl.js?v=857ff43b:17225
[  270251ms] [WARNING] performance warning: READ-usage buffer was written, then fenced, but written again before being read back. This discarded the shadow copy that was created to accelerate readback. @ http://localhost:5173/node_modules/.vite/deps/maplibre-gl.js?v=857ff43b:17225
[  270418ms] [WARNING] performance warning: READ-usage buffer was written, then fenced, but written again before being read back. This discarded the shadow copy that was created to accelerate readback. @ http://localhost:5173/node_modules/.vite/deps/maplibre-gl.js?v=857ff43b:17225
[  270585ms] [WARNING] performance warning: READ-usage buffer was written, then fenced, but written again before being read back. This discarded the shadow copy that was created to accelerate readback. @ http://localhost:5173/node_modules/.vite/deps/maplibre-gl.js?v=857ff43b:17225
[  270751ms] [WARNING] performance warning: READ-usage buffer was written, then fenced, but written again before being read back. This discarded the shadow copy that was created to accelerate readback. @ http://localhost:5173/node_modules/.vite/deps/maplibre-gl.js?v=857ff43b:17225
[  270917ms] [WARNING] performance warning: READ-usage buffer was written, then fenced, but written again before being read back. This discarded the shadow copy that was created to accelerate readback. @ http://localhost:5173/node_modules/.vite/deps/maplibre-gl.js?v=857ff43b:17225
[  271084ms] [WARNING] performance warning: READ-usage buffer was written, then fenced, but written again before being read back. This discarded the shadow copy that was created to accelerate readback. @ http://localhost:5173/node_modules/.vite/deps/maplibre-gl.js?v=857ff43b:17225
[  271251ms] [WARNING] performance warning: READ-usage buffer was written, then fenced, but written again before being read back. This discarded the shadow copy that was created to accelerate readback. @ http://localhost:5173/node_modules/.vite/deps/maplibre-gl.js?v=857ff43b:17225
[  271418ms] [WARNING] performance warning: READ-usage buffer was written, then fenced, but written again before being read back. This discarded the shadow copy that was created to accelerate readback. @ http://localhost:5173/node_modules/.vite/deps/maplibre-gl.js?v=857ff43b:17225
[  271585ms] [WARNING] performance warning: READ-usage buffer was written, then fenced, but written again before being read back. This discarded the shadow copy that was created to accelerate readback. @ http://localhost:5173/node_modules/.vite/deps/maplibre-gl.js?v=857ff43b:17225
[  271751ms] [WARNING] performance warning: READ-usage buffer was written, then fenced, but written again before being read back. This discarded the shadow copy that was created to accelerate readback. @ http://localhost:5173/node_modules/.vite/deps/maplibre-gl.js?v=857ff43b:17225
[  271918ms] [WARNING] performance warning: READ-usage buffer was written, then fenced, but written again before being read back. This discarded the shadow copy that was created to accelerate readback. @ http://localhost:5173/node_modules/.vite/deps/maplibre-gl.js?v=857ff43b:17225
[  272084ms] [WARNING] performance warning: READ-usage buffer was written, then fenced, but written again before being read back. This discarded the shadow copy that was created to accelerate readback. @ http://localhost:5173/node_modules/.vite/deps/maplibre-gl.js?v=857ff43b:17225
[  272252ms] [WARNING] performance warning: READ-usage buffer was written, then fenced, but written again before being read back. This discarded the shadow copy that was created to accelerate readback. @ http://localhost:5173/node_modules/.vite/deps/maplibre-gl.js?v=857ff43b:17225
[  272418ms] [WARNING] performance warning: READ-usage buffer was written, then fenced, but written again before being read back. This discarded the shadow copy that was created to accelerate readback. @ http://localhost:5173/node_modules/.vite/deps/maplibre-gl.js?v=857ff43b:17225
[  272584ms] [WARNING] performance warning: READ-usage buffer was written, then fenced, but written again before being read back. This discarded the shadow copy that was created to accelerate readback. @ http://localhost:5173/node_modules/.vite/deps/maplibre-gl.js?v=857ff43b:17225
[  272752ms] [WARNING] performance warning: READ-usage buffer was written, then fenced, but written again before being read back. This discarded the shadow copy that was created to accelerate readback. @ http://localhost:5173/node_modules/.vite/deps/maplibre-gl.js?v=857ff43b:17225
[  272919ms] [WARNING] performance warning: READ-usage buffer was written, then fenced, but written again before being read back. This discarded the shadow copy that was created to accelerate readback. @ http://localhost:5173/node_modules/.vite/deps/maplibre-gl.js?v=857ff43b:17225
[  273085ms] [WARNING] performance warning: READ-usage buffer was written, then fenced, but written again before being read back. This discarded the shadow copy that was created to accelerate readback. @ http://localhost:5173/node_modules/.vite/deps/maplibre-gl.js?v=857ff43b:17225
[  273253ms] [WARNING] performance warning: READ-usage buffer was written, then fenced, but written again before being read back. This discarded the shadow copy that was created to accelerate readback. @ http://localhost:5173/node_modules/.vite/deps/maplibre-gl.js?v=857ff43b:17225
[  273418ms] [WARNING] performance warning: READ-usage buffer was written, then fenced, but written again before being read back. This discarded the shadow copy that was created to accelerate readback. @ http://localhost:5173/node_modules/.vite/deps/maplibre-gl.js?v=857ff43b:17225
[  273585ms] [WARNING] performance warning: READ-usage buffer was written, then fenced, but written again before being read back. This discarded the shadow copy that was created to accelerate readback. @ http://localhost:5173/node_modules/.vite/deps/maplibre-gl.js?v=857ff43b:17225
[  273751ms] [WARNING] performance warning: READ-usage buffer was written, then fenced, but written again before being read back. This discarded the shadow copy that was created to accelerate readback. @ http://localhost:5173/node_modules/.vite/deps/maplibre-gl.js?v=857ff43b:17225
[  273918ms] [WARNING] performance warning: READ-usage buffer was written, then fenced, but written again before being read back. This discarded the shadow copy that was created to accelerate readback. @ http://localhost:5173/node_modules/.vite/deps/maplibre-gl.js?v=857ff43b:17225
[  274086ms] [WARNING] performance warning: READ-usage buffer was written, then fenced, but written again before being read back. This discarded the shadow copy that was created to accelerate readback. @ http://localhost:5173/node_modules/.vite/deps/maplibre-gl.js?v=857ff43b:17225
[  274252ms] [WARNING] performance warning: READ-usage buffer was written, then fenced, but written again before being read back. This discarded the shadow copy that was created to accelerate readback. @ http://localhost:5173/node_modules/.vite/deps/maplibre-gl.js?v=857ff43b:17225
[  274418ms] [WARNING] performance warning: READ-usage buffer was written, then fenced, but written again before being read back. This discarded the shadow copy that was created to accelerate readback. @ http://localhost:5173/node_modules/.vite/deps/maplibre-gl.js?v=857ff43b:17225
[  274585ms] [WARNING] performance warning: READ-usage buffer was written, then fenced, but written again before being read back. This discarded the shadow copy that was created to accelerate readback. @ http://localhost:5173/node_modules/.vite/deps/maplibre-gl.js?v=857ff43b:17225
[  274752ms] [WARNING] performance warning: READ-usage buffer was written, then fenced, but written again before being read back. This discarded the shadow copy that was created to accelerate readback. @ http://localhost:5173/node_modules/.vite/deps/maplibre-gl.js?v=857ff43b:17225
[  274919ms] [WARNING] performance warning: READ-usage buffer was written, then fenced, but written again before being read back. This discarded the shadow copy that was created to accelerate readback. @ http://localhost:5173/node_modules/.vite/deps/maplibre-gl.js?v=857ff43b:17225
[  275085ms] [WARNING] performance warning: READ-usage buffer was written, then fenced, but written again before being read back. This discarded the shadow copy that was created to accelerate readback. @ http://localhost:5173/node_modules/.vite/deps/maplibre-gl.js?v=857ff43b:17225
[  275252ms] [WARNING] performance warning: READ-usage buffer was written, then fenced, but written again before being read back. This discarded the shadow copy that was created to accelerate readback. @ http://localhost:5173/node_modules/.vite/deps/maplibre-gl.js?v=857ff43b:17225
[  275419ms] [WARNING] performance warning: READ-usage buffer was written, then fenced, but written again before being read back. This discarded the shadow copy that was created to accelerate readback. @ http://localhost:5173/node_modules/.vite/deps/maplibre-gl.js?v=857ff43b:17225
[  275585ms] [WARNING] performance warning: READ-usage buffer was written, then fenced, but written again before being read back. This discarded the shadow copy that was created to accelerate readback. @ http://localhost:5173/node_modules/.vite/deps/maplibre-gl.js?v=857ff43b:17225
[  275752ms] [WARNING] performance warning: READ-usage buffer was written, then fenced, but written again before being read back. This discarded the shadow copy that was created to accelerate readback. @ http://localhost:5173/node_modules/.vite/deps/maplibre-gl.js?v=857ff43b:17225
[  275919ms] [WARNING] performance warning: READ-usage buffer was written, then fenced, but written again before being read back. This discarded the shadow copy that was created to accelerate readback. @ http://localhost:5173/node_modules/.vite/deps/maplibre-gl.js?v=857ff43b:17225
[  276086ms] [WARNING] performance warning: READ-usage buffer was written, then fenced, but written again before being read back. This discarded the shadow copy that was created to accelerate readback. @ http://localhost:5173/node_modules/.vite/deps/maplibre-gl.js?v=857ff43b:17225
[  276252ms] [WARNING] performance warning: READ-usage buffer was written, then fenced, but written again before being read back. This discarded the shadow copy that was created to accelerate readback. @ http://localhost:5173/node_modules/.vite/deps/maplibre-gl.js?v=857ff43b:17225
[  276419ms] [WARNING] performance warning: READ-usage buffer was written, then fenced, but written again before being read back. This discarded the shadow copy that was created to accelerate readback. @ http://localhost:5173/node_modules/.vite/deps/maplibre-gl.js?v=857ff43b:17225
[  276586ms] [WARNING] performance warning: READ-usage buffer was written, then fenced, but written again before being read back. This discarded the shadow copy that was created to accelerate readback. @ http://localhost:5173/node_modules/.vite/deps/maplibre-gl.js?v=857ff43b:17225
[  276753ms] [WARNING] performance warning: READ-usage buffer was written, then fenced, but written again before being read back. This discarded the shadow copy that was created to accelerate readback. @ http://localhost:5173/node_modules/.vite/deps/maplibre-gl.js?v=857ff43b:17225
[  276920ms] [WARNING] performance warning: READ-usage buffer was written, then fenced, but written again before being read back. This discarded the shadow copy that was created to accelerate readback. @ http://localhost:5173/node_modules/.vite/deps/maplibre-gl.js?v=857ff43b:17225
[  277086ms] [WARNING] performance warning: READ-usage buffer was written, then fenced, but written again before being read back. This discarded the shadow copy that was created to accelerate readback. @ http://localhost:5173/node_modules/.vite/deps/maplibre-gl.js?v=857ff43b:17225
[  277253ms] [WARNING] performance warning: READ-usage buffer was written, then fenced, but written again before being read back. This discarded the shadow copy that was created to accelerate readback. @ http://localhost:5173/node_modules/.vite/deps/maplibre-gl.js?v=857ff43b:17225
[  277420ms] [WARNING] performance warning: READ-usage buffer was written, then fenced, but written again before being read back. This discarded the shadow copy that was created to accelerate readback. @ http://localhost:5173/node_modules/.vite/deps/maplibre-gl.js?v=857ff43b:17225
[  277586ms] [WARNING] performance warning: READ-usage buffer was written, then fenced, but written again before being read back. This discarded the shadow copy that was created to accelerate readback. @ http://localhost:5173/node_modules/.vite/deps/maplibre-gl.js?v=857ff43b:17225
[  277753ms] [WARNING] performance warning: READ-usage buffer was written, then fenced, but written again before being read back. This discarded the shadow copy that was created to accelerate readback. @ http://localhost:5173/node_modules/.vite/deps/maplibre-gl.js?v=857ff43b:17225
[  277920ms] [WARNING] performance warning: READ-usage buffer was written, then fenced, but written again before being read back. This discarded the shadow copy that was created to accelerate readback. @ http://localhost:5173/node_modules/.vite/deps/maplibre-gl.js?v=857ff43b:17225
[  278087ms] [WARNING] performance warning: READ-usage buffer was written, then fenced, but written again before being read back. This discarded the shadow copy that was created to accelerate readback. @ http://localhost:5173/node_modules/.vite/deps/maplibre-gl.js?v=857ff43b:17225
[  278253ms] [WARNING] performance warning: READ-usage buffer was written, then fenced, but written again before being read back. This discarded the shadow copy that was created to accelerate readback. @ http://localhost:5173/node_modules/.vite/deps/maplibre-gl.js?v=857ff43b:17225
[  278420ms] [WARNING] performance warning: READ-usage buffer was written, then fenced, but written again before being read back. This discarded the shadow copy that was created to accelerate readback. @ http://localhost:5173/node_modules/.vite/deps/maplibre-gl.js?v=857ff43b:17225
[  278587ms] [WARNING] performance warning: READ-usage buffer was written, then fenced, but written again before being read back. This discarded the shadow copy that was created to accelerate readback. @ http://localhost:5173/node_modules/.vite/deps/maplibre-gl.js?v=857ff43b:17225
[  278753ms] [WARNING] performance warning: READ-usage buffer was written, then fenced, but written again before being read back. This discarded the shadow copy that was created to accelerate readback. @ http://localhost:5173/node_modules/.vite/deps/maplibre-gl.js?v=857ff43b:17225
[  278920ms] [WARNING] performance warning: READ-usage buffer was written, then fenced, but written again before being read back. This discarded the shadow copy that was created to accelerate readback. @ http://localhost:5173/node_modules/.vite/deps/maplibre-gl.js?v=857ff43b:17225
[  279087ms] [WARNING] performance warning: READ-usage buffer was written, then fenced, but written again before being read back. This discarded the shadow copy that was created to accelerate readback. @ http://localhost:5173/node_modules/.vite/deps/maplibre-gl.js?v=857ff43b:17225
[  279254ms] [WARNING] performance warning: READ-usage buffer was written, then fenced, but written again before being read back. This discarded the shadow copy that was created to accelerate readback. @ http://localhost:5173/node_modules/.vite/deps/maplibre-gl.js?v=857ff43b:17225
[  279421ms] [WARNING] performance warning: READ-usage buffer was written, then fenced, but written again before being read back. This discarded the shadow copy that was created to accelerate readback. @ http://localhost:5173/node_modules/.vite/deps/maplibre-gl.js?v=857ff43b:17225
[  279587ms] [WARNING] performance warning: READ-usage buffer was written, then fenced, but written again before being read back. This discarded the shadow copy that was created to accelerate readback. @ http://localhost:5173/node_modules/.vite/deps/maplibre-gl.js?v=857ff43b:17225
[  279754ms] [WARNING] performance warning: READ-usage buffer was written, then fenced, but written again before being read back. This discarded the shadow copy that was created to accelerate readback. @ http://localhost:5173/node_modules/.vite/deps/maplibre-gl.js?v=857ff43b:17225
[  279921ms] [WARNING] performance warning: READ-usage buffer was written, then fenced, but written again before being read back. This discarded the shadow copy that was created to accelerate readback. @ http://localhost:5173/node_modules/.vite/deps/maplibre-gl.js?v=857ff43b:17225
[  280088ms] [WARNING] performance warning: READ-usage buffer was written, then fenced, but written again before being read back. This discarded the shadow copy that was created to accelerate readback. @ http://localhost:5173/node_modules/.vite/deps/maplibre-gl.js?v=857ff43b:17225
[  280254ms] [WARNING] performance warning: READ-usage buffer was written, then fenced, but written again before being read back. This discarded the shadow copy that was created to accelerate readback. @ http://localhost:5173/node_modules/.vite/deps/maplibre-gl.js?v=857ff43b:17225
[  280421ms] [WARNING] performance warning: READ-usage buffer was written, then fenced, but written again before being read back. This discarded the shadow copy that was created to accelerate readback. @ http://localhost:5173/node_modules/.vite/deps/maplibre-gl.js?v=857ff43b:17225
[  280588ms] [WARNING] performance warning: READ-usage buffer was written, then fenced, but written again before being read back. This discarded the shadow copy that was created to accelerate readback. @ http://localhost:5173/node_modules/.vite/deps/maplibre-gl.js?v=857ff43b:17225
[  280754ms] [WARNING] performance warning: READ-usage buffer was written, then fenced, but written again before being read back. This discarded the shadow copy that was created to accelerate readback. @ http://localhost:5173/node_modules/.vite/deps/maplibre-gl.js?v=857ff43b:17225
[  280921ms] [WARNING] performance warning: READ-usage buffer was written, then fenced, but written again before being read back. This discarded the shadow copy that was created to accelerate readback. @ http://localhost:5173/node_modules/.vite/deps/maplibre-gl.js?v=857ff43b:17225
[  281088ms] [WARNING] performance warning: READ-usage buffer was written, then fenced, but written again before being read back. This discarded the shadow copy that was created to accelerate readback. @ http://localhost:5173/node_modules/.vite/deps/maplibre-gl.js?v=857ff43b:17225
[  281255ms] [WARNING] performance warning: READ-usage buffer was written, then fenced, but written again before being read back. This discarded the shadow copy that was created to accelerate readback. @ http://localhost:5173/node_modules/.vite/deps/maplibre-gl.js?v=857ff43b:17225
[  281421ms] [WARNING] performance warning: READ-usage buffer was written, then fenced, but written again before being read back. This discarded the shadow copy that was created to accelerate readback. @ http://localhost:5173/node_modules/.vite/deps/maplibre-gl.js?v=857ff43b:17225
[  281588ms] [WARNING] performance warning: READ-usage buffer was written, then fenced, but written again before being read back. This discarded the shadow copy that was created to accelerate readback. @ http://localhost:5173/node_modules/.vite/deps/maplibre-gl.js?v=857ff43b:17225
[  281756ms] [WARNING] performance warning: READ-usage buffer was written, then fenced, but written again before being read back. This discarded the shadow copy that was created to accelerate readback. @ http://localhost:5173/node_modules/.vite/deps/maplibre-gl.js?v=857ff43b:17225
[  281922ms] [WARNING] performance warning: READ-usage buffer was written, then fenced, but written again before being read back. This discarded the shadow copy that was created to accelerate readback. @ http://localhost:5173/node_modules/.vite/deps/maplibre-gl.js?v=857ff43b:17225
[  282088ms] [WARNING] performance warning: READ-usage buffer was written, then fenced, but written again before being read back. This discarded the shadow copy that was created to accelerate readback. @ http://localhost:5173/node_modules/.vite/deps/maplibre-gl.js?v=857ff43b:17225
[  282255ms] [WARNING] performance warning: READ-usage buffer was written, then fenced, but written again before being read back. This discarded the shadow copy that was created to accelerate readback. @ http://localhost:5173/node_modules/.vite/deps/maplibre-gl.js?v=857ff43b:17225
[  282422ms] [WARNING] performance warning: READ-usage buffer was written, then fenced, but written again before being read back. This discarded the shadow copy that was created to accelerate readback. @ http://localhost:5173/node_modules/.vite/deps/maplibre-gl.js?v=857ff43b:17225
[  282589ms] [WARNING] performance warning: READ-usage buffer was written, then fenced, but written again before being read back. This discarded the shadow copy that was created to accelerate readback. @ http://localhost:5173/node_modules/.vite/deps/maplibre-gl.js?v=857ff43b:17225
[  282756ms] [WARNING] performance warning: READ-usage buffer was written, then fenced, but written again before being read back. This discarded the shadow copy that was created to accelerate readback. @ http://localhost:5173/node_modules/.vite/deps/maplibre-gl.js?v=857ff43b:17225
[  282922ms] [WARNING] performance warning: READ-usage buffer was written, then fenced, but written again before being read back. This discarded the shadow copy that was created to accelerate readback. @ http://localhost:5173/node_modules/.vite/deps/maplibre-gl.js?v=857ff43b:17225
[  283089ms] [WARNING] performance warning: READ-usage buffer was written, then fenced, but written again before being read back. This discarded the shadow copy that was created to accelerate readback. @ http://localhost:5173/node_modules/.vite/deps/maplibre-gl.js?v=857ff43b:17225
[  283256ms] [WARNING] performance warning: READ-usage buffer was written, then fenced, but written again before being read back. This discarded the shadow copy that was created to accelerate readback. @ http://localhost:5173/node_modules/.vite/deps/maplibre-gl.js?v=857ff43b:17225
[  283422ms] [WARNING] performance warning: READ-usage buffer was written, then fenced, but written again before being read back. This discarded the shadow copy that was created to accelerate readback. @ http://localhost:5173/node_modules/.vite/deps/maplibre-gl.js?v=857ff43b:17225
[  283589ms] [WARNING] performance warning: READ-usage buffer was written, then fenced, but written again before being read back. This discarded the shadow copy that was created to accelerate readback. @ http://localhost:5173/node_modules/.vite/deps/maplibre-gl.js?v=857ff43b:17225
[  283756ms] [WARNING] performance warning: READ-usage buffer was written, then fenced, but written again before being read back. This discarded the shadow copy that was created to accelerate readback. @ http://localhost:5173/node_modules/.vite/deps/maplibre-gl.js?v=857ff43b:17225
[  283922ms] [WARNING] performance warning: READ-usage buffer was written, then fenced, but written again before being read back. This discarded the shadow copy that was created to accelerate readback. @ http://localhost:5173/node_modules/.vite/deps/maplibre-gl.js?v=857ff43b:17225
[  284089ms] [WARNING] performance warning: READ-usage buffer was written, then fenced, but written again before being read back. This discarded the shadow copy that was created to accelerate readback. @ http://localhost:5173/node_modules/.vite/deps/maplibre-gl.js?v=857ff43b:17225
[  284256ms] [WARNING] performance warning: READ-usage buffer was written, then fenced, but written again before being read back. This discarded the shadow copy that was created to accelerate readback. @ http://localhost:5173/node_modules/.vite/deps/maplibre-gl.js?v=857ff43b:17225
[  284423ms] [WARNING] performance warning: READ-usage buffer was written, then fenced, but written again before being read back. This discarded the shadow copy that was created to accelerate readback. @ http://localhost:5173/node_modules/.vite/deps/maplibre-gl.js?v=857ff43b:17225
[  284591ms] [WARNING] performance warning: READ-usage buffer was written, then fenced, but written again before being read back. This discarded the shadow copy that was created to accelerate readback. @ http://localhost:5173/node_modules/.vite/deps/maplibre-gl.js?v=857ff43b:17225
[  284757ms] [WARNING] performance warning: READ-usage buffer was written, then fenced, but written again before being read back. This discarded the shadow copy that was created to accelerate readback. @ http://localhost:5173/node_modules/.vite/deps/maplibre-gl.js?v=857ff43b:17225
[  284924ms] [WARNING] performance warning: READ-usage buffer was written, then fenced, but written again before being read back. This discarded the shadow copy that was created to accelerate readback. @ http://localhost:5173/node_modules/.vite/deps/maplibre-gl.js?v=857ff43b:17225
[  285091ms] [WARNING] performance warning: READ-usage buffer was written, then fenced, but written again before being read back. This discarded the shadow copy that was created to accelerate readback. @ http://localhost:5173/node_modules/.vite/deps/maplibre-gl.js?v=857ff43b:17225
[  285256ms] [WARNING] performance warning: READ-usage buffer was written, then fenced, but written again before being read back. This discarded the shadow copy that was created to accelerate readback. @ http://localhost:5173/node_modules/.vite/deps/maplibre-gl.js?v=857ff43b:17225
[  285423ms] [WARNING] performance warning: READ-usage buffer was written, then fenced, but written again before being read back. This discarded the shadow copy that was created to accelerate readback. @ http://localhost:5173/node_modules/.vite/deps/maplibre-gl.js?v=857ff43b:17225
[  285591ms] [WARNING] performance warning: READ-usage buffer was written, then fenced, but written again before being read back. This discarded the shadow copy that was created to accelerate readback. @ http://localhost:5173/node_modules/.vite/deps/maplibre-gl.js?v=857ff43b:17225
[  285758ms] [WARNING] performance warning: READ-usage buffer was written, then fenced, but written again before being read back. This discarded the shadow copy that was created to accelerate readback. @ http://localhost:5173/node_modules/.vite/deps/maplibre-gl.js?v=857ff43b:17225
[  285924ms] [WARNING] performance warning: READ-usage buffer was written, then fenced, but written again before being read back. This discarded the shadow copy that was created to accelerate readback. @ http://localhost:5173/node_modules/.vite/deps/maplibre-gl.js?v=857ff43b:17225
[  285924ms] [WARNING] WebGL: too many errors, no more errors will be reported to the console for this context. @ http://localhost:5173/node_modules/.vite/deps/maplibre-gl.js?v=857ff43b:17225
